rank,skill_name,filename,skill_slug,model_name,model_slug,overall_risk,is_vulnerable,vulnerability_count,cvss_base_score,cvss_severity,cvss_vector,attack_vector,attack_complexity,privileges_required,user_interaction,sars_score,sars_severity,sars_ifr,sars_dg,sars_ai,sars_br,sars_ca,top_finding_category,evaluated_at,error
1,minara,minara.md,minara.md,meta-llama/Meta-Llama-3.1-70B-Instruct,meta-llama_Meta-Llama-3.1-70B-Instruct,CRITICAL,True,12,8.9,High,CVSS:4.0/AV:N/AC:L/AT:P/PR:L/UI:P/VC:H/VI:H/VA:H/SC:H/SI:H/SA:H/E:A,Network,Low,Low,Passive,10.0,CRITICAL,3,3,3,3,3,COMMAND/SHELL INJECTION,2026-04-10T14:25:19.706062,
2,capability-evolver,capability-evolver.md,capability-evolver.md,Qwen/Qwen2.5-32B-Instruct,Qwen_Qwen2.5-32B-Instruct,HIGH,True,5,8.6,High,CVSS:4.0/AV:N/AC:L/AT:N/PR:L/UI:N/VC:H/VI:H/VA:H/SC:H/SI:H/SA:H/E:P,Network,Low,Low,None,8.7,HIGH,3,2,3,2,3,COMMAND/SHELL INJECTION,2026-04-10T02:29:14.198654,
3,capability-evolver,evolver.md,evolver.md,Qwen/Qwen2.5-32B-Instruct,Qwen_Qwen2.5-32B-Instruct,HIGH,True,5,8.6,High,CVSS:4.0/AV:N/AC:L/AT:N/PR:L/UI:N/VC:H/VI:H/VA:H/SC:H/SI:H/SA:H/E:P,Network,Low,Low,None,8.7,HIGH,3,2,3,2,3,COMMAND/SHELL INJECTION,2026-04-10T02:53:36.006436,
4,ontology,ontology.md,ontology.md,meta-llama/Meta-Llama-3.1-70B-Instruct,meta-llama_Meta-Llama-3.1-70B-Instruct,HIGH,True,5,8.6,High,CVSS:4.0/AV:N/AC:L/AT:N/PR:L/UI:N/VC:H/VI:H/VA:H/SC:H/SI:H/SA:H/E:P,Network,Low,Low,None,7.4,HIGH,2,2,2,2,3,MEMORY POISONING & PERSISTENCE ATTACKS,2026-04-10T11:56:04.404215,
5,api-gateway,api-gateway.md,api-gateway.md,meta-llama/Meta-Llama-3.1-70B-Instruct,meta-llama_Meta-Llama-3.1-70B-Instruct,HIGH,True,5,8.6,High,CVSS:4.0/AV:N/AC:L/AT:N/PR:L/UI:N/VC:H/VI:H/VA:H/SC:H/SI:H/SA:H/E:P,Network,Low,Low,None,6.7,MEDIUM,2,2,2,2,2,COMMAND/SHELL INJECTION,2026-04-10T12:13:27.637741,
6,command-center,command-center.md,command-center.md,meta-llama/Meta-Llama-3.1-70B-Instruct,meta-llama_Meta-Llama-3.1-70B-Instruct,HIGH,True,5,8.6,High,CVSS:4.0/AV:N/AC:L/AT:N/PR:L/UI:N/VC:H/VI:H/VA:H/SC:H/SI:H/SA:H/E:P,Network,Low,Low,None,7.4,HIGH,2,2,2,2,3,COMMAND/SHELL INJECTION,2026-04-10T16:11:08.098561,
7,tuya-smart-control,tuya-smart-control.md,tuya-smart-control.md,meta-llama/Meta-Llama-3.1-70B-Instruct,meta-llama_Meta-Llama-3.1-70B-Instruct,HIGH,True,5,8.4,High,CVSS:4.0/AV:N/AC:L/AT:N/PR:L/UI:P/VC:H/VI:H/VA:N/SC:H/SI:H/SA:N/E:P,Network,Low,Low,Passive,6.7,MEDIUM,2,2,2,2,2,COMMAND/SHELL INJECTION,2026-04-10T16:17:10.927669,
8,openclaw-backup,openclaw-backup.md,openclaw-backup.md,meta-llama/Meta-Llama-3.1-70B-Instruct,meta-llama_Meta-Llama-3.1-70B-Instruct,MEDIUM,True,5,7.5,High,CVSS:4.0/AV:N/AC:L/AT:P/PR:L/UI:N/VC:H/VI:H/VA:H/SC:H/SI:H/SA:H/E:P,Network,Low,Low,None,5.9,MEDIUM,2,2,2,1,2,COMMAND/SHELL INJECTION,2026-04-10T15:57:02.924228,
9,desktop-control.md,desktop-control.md,desktop-control.md,Qwen/Qwen2.5-32B-Instruct,Qwen_Qwen2.5-32B-Instruct,HIGH,True,4,7.4,High,CVSS:4.0/AV:N/AC:L/AT:N/PR:L/UI:N/VC:N/VI:H/VA:H/SC:H/SI:H/SA:H/E:P,Network,Low,Low,None,8.1,HIGH,3,1,3,2,3,MEMORY POISONING & PERSISTENCE ATTACKS,2026-04-10T01:01:49.401400,
10,tiktok-app-marketing,larry.md,larry.md,Qwen/Qwen2.5-32B-Instruct,Qwen_Qwen2.5-32B-Instruct,HIGH,True,5,7.4,High,CVSS:4.0/AV:N/AC:L/AT:P/PR:L/UI:P/VC:H/VI:H/VA:H/SC:H/SI:H/SA:H/E:P,Network,Low,Low,Passive,8.7,HIGH,3,2,3,2,3,COMMAND/SHELL INJECTION,2026-04-10T01:51:51.017211,
11,imap-smtp-email,imap-smtp-email.md,imap-smtp-email.md,Qwen/Qwen2.5-32B-Instruct,Qwen_Qwen2.5-32B-Instruct,HIGH,True,5,7.4,High,CVSS:4.0/AV:N/AC:L/AT:P/PR:L/UI:P/VC:H/VI:H/VA:H/SC:H/SI:H/SA:H/E:P,Network,Low,Low,Passive,9.3,CRITICAL,3,3,3,2,3,COMMAND/SHELL INJECTION,2026-04-10T02:35:04.643726,
12,proactive-agent,proactive-agent.md,proactive-agent.md,meta-llama/Meta-Llama-3.1-70B-Instruct,meta-llama_Meta-Llama-3.1-70B-Instruct,HIGH,True,7,7.4,High,CVSS:4.0/AV:N/AC:L/AT:P/PR:L/UI:P/VC:H/VI:H/VA:H/SC:H/SI:H/SA:H/E:P,Network,Low,Low,Passive,6.7,MEDIUM,2,2,2,2,2,Memory Poisoning & Persistence Attacks,2026-04-10T11:43:35.532874,
13,desktop-control,desktop-control.md,desktop-control.md,meta-llama/Meta-Llama-3.1-70B-Instruct,meta-llama_Meta-Llama-3.1-70B-Instruct,HIGH,True,5,7.4,High,CVSS:4.0/AV:N/AC:L/AT:P/PR:L/UI:P/VC:H/VI:H/VA:H/SC:H/SI:H/SA:H/E:P,Network,Low,Low,Passive,6.7,MEDIUM,2,2,2,2,2,COMMAND/SHELL INJECTION,2026-04-10T12:20:18.013120,
14,agent-browser,agent-browser-clawdbot.md,agent-browser-clawdbot.md,meta-llama/Meta-Llama-3.1-70B-Instruct,meta-llama_Meta-Llama-3.1-70B-Instruct,HIGH,True,5,7.4,High,CVSS:4.0/AV:N/AC:L/AT:P/PR:L/UI:P/VC:H/VI:H/VA:H/SC:H/SI:H/SA:H/E:P,Network,Low,Low,Passive,7.4,HIGH,2,2,2,2,3,COMMAND/SHELL INJECTION,2026-04-10T12:30:06.803360,
15,stock-analysis,stock-analysis.md,stock-analysis.md,meta-llama/Meta-Llama-3.1-70B-Instruct,meta-llama_Meta-Llama-3.1-70B-Instruct,HIGH,True,5,7.4,High,CVSS:4.0/AV:N/AC:L/AT:P/PR:L/UI:P/VC:H/VI:H/VA:H/SC:H/SI:H/SA:H/E:P,Network,Low,Low,Passive,6.7,MEDIUM,2,2,2,2,2,COMMAND/SHELL INJECTION,2026-04-10T12:59:57.604265,
16,elite-longterm-memory,elite-longterm-memory.md,elite-longterm-memory.md,meta-llama/Meta-Llama-3.1-70B-Instruct,meta-llama_Meta-Llama-3.1-70B-Instruct,CRITICAL,True,7,7.4,High,CVSS:4.0/AV:N/AC:L/AT:P/PR:L/UI:P/VC:H/VI:H/VA:H/SC:H/SI:H/SA:H/E:P,Network,Low,Low,Passive,8.9,HIGH,3,2,2,3,3,MEMORY POISONING & PERSISTENCE ATTACKS,2026-04-10T13:11:06.801590,
17,mcporter,mcporter.md,mcporter.md,meta-llama/Meta-Llama-3.1-70B-Instruct,meta-llama_Meta-Llama-3.1-70B-Instruct,HIGH,True,5,7.4,High,CVSS:4.0/AV:N/AC:L/AT:P/PR:L/UI:P/VC:H/VI:H/VA:H/SC:H/SI:H/SA:H/E:P,Network,Low,Low,Passive,6.7,MEDIUM,2,2,2,2,2,COMMAND/SHELL INJECTION,2026-04-10T13:19:48.725720,
18,ecomseer,ecomseer.md,ecomseer.md,meta-llama/Meta-Llama-3.1-70B-Instruct,meta-llama_Meta-Llama-3.1-70B-Instruct,HIGH,True,7,7.4,High,CVSS:4.0/AV:N/AC:L/AT:P/PR:L/UI:P/VC:H/VI:H/VA:H/SC:H/SI:H/SA:H/E:P,Network,Low,Low,Passive,6.7,MEDIUM,2,2,2,2,2,COMMAND/SHELL INJECTION,2026-04-10T13:23:55.218513,
19,xiaohongshu-mcp,xiaohongshu-mcp.md,xiaohongshu-mcp.md,meta-llama/Meta-Llama-3.1-70B-Instruct,meta-llama_Meta-Llama-3.1-70B-Instruct,HIGH,True,5,7.4,High,CVSS:4.0/AV:N/AC:L/AT:P/PR:L/UI:P/VC:H/VI:H/VA:H/SC:H/SI:H/SA:H/E:P,Network,Low,Low,Passive,6.7,MEDIUM,2,2,2,2,2,COMMAND/SHELL INJECTION,2026-04-10T13:40:01.298113,
20,tiktok-app-marketing,larry.md,larry.md,meta-llama/Meta-Llama-3.1-70B-Instruct,meta-llama_Meta-Llama-3.1-70B-Instruct,HIGH,True,7,7.4,High,CVSS:4.0/AV:N/AC:L/AT:P/PR:L/UI:P/VC:H/VI:H/VA:H/SC:H/SI:H/SA:H/E:P,Network,Low,Low,Passive,6.7,MEDIUM,2,2,2,2,2,COMMAND/SHELL INJECTION,2026-04-10T13:45:52.714631,
21,meitu-skills,meitu-skills.md,meitu-skills.md,meta-llama/Meta-Llama-3.1-70B-Instruct,meta-llama_Meta-Llama-3.1-70B-Instruct,HIGH,True,7,7.4,High,CVSS:4.0/AV:N/AC:L/AT:P/PR:L/UI:P/VC:H/VI:H/VA:H/SC:H/SI:H/SA:H/E:P,Network,Low,Low,Passive,6.7,MEDIUM,2,2,2,2,2,COMMAND/SHELL INJECTION,2026-04-10T14:00:05.836362,
22,playwright-mcp,playwright-mcp.md,playwright-mcp.md,meta-llama/Meta-Llama-3.1-70B-Instruct,meta-llama_Meta-Llama-3.1-70B-Instruct,HIGH,True,5,7.4,High,CVSS:4.0/AV:N/AC:L/AT:P/PR:L/UI:P/VC:H/VI:H/VA:H/SC:H/SI:H/SA:H/E:P,Network,Low,Low,Passive,6.7,MEDIUM,2,2,2,2,2,COMMAND/SHELL INJECTION,2026-04-10T14:12:28.119627,
23,byterover,byterover.md,byterover.md,meta-llama/Meta-Llama-3.1-70B-Instruct,meta-llama_Meta-Llama-3.1-70B-Instruct,HIGH,True,7,7.4,High,CVSS:4.0/AV:N/AC:L/AT:P/PR:L/UI:P/VC:H/VI:H/VA:H/SC:H/SI:H/SA:H/E:P,Network,Low,Low,Passive,6.7,MEDIUM,2,2,2,2,2,Command Injection / RCE,2026-04-10T14:16:36.837872,
24,capability-evolver,capability-evolver.md,capability-evolver.md,meta-llama/Meta-Llama-3.1-70B-Instruct,meta-llama_Meta-Llama-3.1-70B-Instruct,HIGH,True,7,7.4,High,CVSS:4.0/AV:N/AC:L/AT:P/PR:L/UI:P/VC:H/VI:H/VA:H/SC:H/SI:H/SA:H/E:P,Network,Low,Low,Passive,7.4,HIGH,2,2,2,2,3,Command Injection / RCE,2026-04-10T14:43:35.907163,
25,imap-smtp-email,imap-smtp-email.md,imap-smtp-email.md,meta-llama/Meta-Llama-3.1-70B-Instruct,meta-llama_Meta-Llama-3.1-70B-Instruct,HIGH,True,7,7.4,High,CVSS:4.0/AV:N/AC:L/AT:P/PR:L/UI:P/VC:H/VI:H/VA:H/SC:H/SI:H/SA:H/E:P,Network,Low,Low,Passive,6.7,MEDIUM,2,2,2,2,2,COMMAND/SHELL INJECTION,2026-04-10T14:55:08.919041,
26,browser-use,browser-use.md,browser-use.md,meta-llama/Meta-Llama-3.1-70B-Instruct,meta-llama_Meta-Llama-3.1-70B-Instruct,HIGH,True,7,7.4,High,CVSS:4.0/AV:N/AC:L/AT:P/PR:L/UI:P/VC:H/VI:H/VA:H/SC:H/SI:H/SA:H/E:P,Network,Low,Low,Passive,7.4,HIGH,2,2,2,2,3,COMMAND/SHELL INJECTION,2026-04-10T15:07:07.537900,
27,capability-evolver,evolver.md,evolver.md,meta-llama/Meta-Llama-3.1-70B-Instruct,meta-llama_Meta-Llama-3.1-70B-Instruct,HIGH,True,7,7.4,High,CVSS:4.0/AV:N/AC:L/AT:P/PR:L/UI:P/VC:H/VI:H/VA:H/SC:H/SI:H/SA:H/E:P,Network,Low,Low,Passive,7.4,HIGH,2,2,2,2,3,Memory Poisoning & Persistence Attacks,2026-04-10T15:27:39.705167,
28,gmail,gmail.md,gmail.md,meta-llama/Meta-Llama-3.1-70B-Instruct,meta-llama_Meta-Llama-3.1-70B-Instruct,HIGH,True,5,7.4,High,CVSS:4.0/AV:N/AC:L/AT:P/PR:L/UI:P/VC:H/VI:H/VA:H/SC:H/SI:H/SA:H/E:P,Network,Low,Low,Passive,6.7,MEDIUM,2,2,2,2,2,COMMAND/SHELL INJECTION,2026-04-10T15:54:12.438218,
29,xiaohongshu,xhs.md,xhs.md,meta-llama/Meta-Llama-3.1-70B-Instruct,meta-llama_Meta-Llama-3.1-70B-Instruct,HIGH,True,7,7.4,High,CVSS:4.0/AV:N/AC:L/AT:P/PR:L/UI:P/VC:H/VI:H/VA:H/SC:H/SI:H/SA:H/E:P,Network,Low,Low,Passive,6.7,MEDIUM,2,2,2,2,2,REMOTE CODE EXECUTION / DYNAMIC CODE,2026-04-10T16:35:07.898906,
30,polymarket-pro,polymarket-pro.md,polymarket-pro.md,Qwen/Qwen2.5-32B-Instruct,Qwen_Qwen2.5-32B-Instruct,HIGH,True,4,7.4,High,CVSS:4.0/AV:N/AC:L/AT:P/PR:L/UI:P/VC:H/VI:H/VA:H/SC:H/SI:H/SA:H/E:P,Network,Low,Low,Passive,8.7,HIGH,3,2,3,2,3,COMMAND/SHELL INJECTION,2026-04-12T23:25:40.701015,
31,clawdbot-filesystem,clawdbot-filesystem.md,clawdbot-filesystem.md,meta-llama/Meta-Llama-3.1-70B-Instruct,meta-llama_Meta-Llama-3.1-70B-Instruct,HIGH,True,7,7.3,High,CVSS:4.0/AV:N/AC:L/AT:P/PR:L/UI:P/VC:H/VI:H/VA:L/SC:H/SI:H/SA:L/E:P,Network,Low,Low,Passive,6.7,MEDIUM,2,2,2,2,2,COMMAND/SHELL INJECTION,2026-04-10T15:31:19.898698,
32,humanize-ai-text,humanize-ai-text.md,humanize-ai-text.md,meta-llama/Meta-Llama-3.1-70B-Instruct,meta-llama_Meta-Llama-3.1-70B-Instruct,HIGH,True,7,7.2,High,CVSS:4.0/AV:N/AC:L/AT:P/PR:L/UI:P/VC:H/VI:H/VA:N/SC:H/SI:H/SA:N/E:P,Network,Low,Low,Passive,6.1,MEDIUM,2,1,2,2,2,Command Injection,2026-04-10T13:27:10.021988,
33,edgeone-clawscan,edgeone-clawscan.md,edgeone-clawscan.md,meta-llama/Meta-Llama-3.1-70B-Instruct,meta-llama_Meta-Llama-3.1-70B-Instruct,MEDIUM,True,5,7.2,High,CVSS:4.0/AV:N/AC:L/AT:P/PR:L/UI:P/VC:H/VI:H/VA:N/SC:H/SI:H/SA:N/E:P,Network,Low,Low,Passive,6.7,MEDIUM,2,2,2,2,2,COMMAND/SHELL INJECTION,2026-04-10T14:09:07.544910,
34,memory-manager,memory-manager.md,memory-manager.md,meta-llama/Meta-Llama-3.1-70B-Instruct,meta-llama_Meta-Llama-3.1-70B-Instruct,HIGH,True,5,7.2,High,CVSS:4.0/AV:N/AC:L/AT:P/PR:L/UI:P/VC:H/VI:H/VA:N/SC:H/SI:H/SA:N/E:P,Network,Low,Low,Passive,6.7,MEDIUM,2,2,2,2,2,MEMORY POISONING & PERSISTENCE ATTACKS,2026-04-10T15:16:32.214663,
35,mx_stocks_screener,mx-stocks-screener.md,mx-stocks-screener.md,meta-llama/Meta-Llama-3.1-70B-Instruct,meta-llama_Meta-Llama-3.1-70B-Instruct,HIGH,True,5,7.2,High,CVSS:4.0/AV:N/AC:L/AT:P/PR:L/UI:P/VC:H/VI:H/VA:N/SC:H/SI:H/SA:N/E:P,Network,Low,Low,Passive,6.7,MEDIUM,2,2,2,2,2,COMMAND/SHELL INJECTION,2026-04-10T15:23:27.038215,
36,peekaboo,peekaboo.md,peekaboo.md,meta-llama/Meta-Llama-3.1-70B-Instruct,meta-llama_Meta-Llama-3.1-70B-Instruct,HIGH,True,5,7.1,High,CVSS:4.0/AV:N/AC:L/AT:N/PR:L/UI:P/VC:L/VI:H/VA:N/SC:H/SI:H/SA:N/E:P,Network,Low,Low,Passive,6.7,MEDIUM,2,2,2,2,2,COMMAND/SHELL INJECTION,2026-04-10T15:46:21.924860,
37,edgeone-clawscan,edgeone-clawscan.md,edgeone-clawscan.md,mistralai/Mixtral-8x7B-Instruct-v0.1,mistralai_Mixtral-8x7B-Instruct-v0.1,MEDIUM,True,1,6.3,Medium,CVSS:4.0/AV:N/AC:L/AT:P/PR:N/UI:N/VC:N/VI:L/VA:N/SC:N/SI:L/SA:N/E:A,Network,Low,None,None,5.4,MEDIUM,2,1,2,1,2,MEMORY POISONING & PERSISTENCE ATTACKS (13),2026-04-10T22:11:47.739051,
38,api-gateway,api-gateway.md,api-gateway.md,Qwen/Qwen2.5-32B-Instruct,Qwen_Qwen2.5-32B-Instruct,MEDIUM,True,3,5.8,Medium,CVSS:4.0/AV:N/AC:L/AT:N/PR:L/UI:P/VC:L/VI:H/VA:L/SC:H/SI:H/SA:L/E:U,Network,Low,Low,Passive,6.7,MEDIUM,2,2,2,2,2,COMMAND/SHELL INJECTION,2026-04-10T00:57:02.609331,
39,peekaboo,peekaboo.md,peekaboo.md,Qwen/Qwen2.5-32B-Instruct,Qwen_Qwen2.5-32B-Instruct,HIGH,True,4,5.8,Medium,CVSS:4.0/AV:N/AC:L/AT:N/PR:L/UI:P/VC:L/VI:H/VA:L/SC:H/SI:H/SA:L/E:U,Network,Low,Low,Passive,8.1,HIGH,3,2,2,2,3,COMMAND/SHELL INJECTION,2026-04-10T03:04:43.925854,
40,n8n-workflow-automation,n8n-workflow-automation.md,n8n-workflow-automation.md,meta-llama/Meta-Llama-3.1-70B-Instruct,meta-llama_Meta-Llama-3.1-70B-Instruct,MEDIUM,True,5,5.8,Medium,CVSS:4.0/AV:N/AC:L/AT:N/PR:L/UI:N/VC:L/VI:H/VA:L/SC:H/SI:H/SA:L/E:U,Network,Low,Low,None,5.4,MEDIUM,2,1,2,1,2,PRIVILEGE ESCALATION,2026-04-10T14:19:29.422283,
41,auto-updater,auto-updater.md,auto-updater.md,meta-llama/Meta-Llama-3.1-70B-Instruct,meta-llama_Meta-Llama-3.1-70B-Instruct,MEDIUM,True,3,5.7,Medium,CVSS:4.0/AV:N/AC:L/AT:N/PR:L/UI:N/VC:L/VI:H/VA:N/SC:L/SI:H/SA:N/E:U,Network,Low,Low,None,5.4,MEDIUM,2,1,2,1,2,DEPENDENCY / SUPPLY CHAIN ATTACKS,2026-04-10T12:02:56.837582,
42,agent-autonomy-kit,agent-autonomy-kit.md,agent-autonomy-kit.md,meta-llama/Meta-Llama-3.1-70B-Instruct,meta-llama_Meta-Llama-3.1-70B-Instruct,MEDIUM,True,3,5.7,Medium,CVSS:4.0/AV:N/AC:L/AT:P/PR:L/UI:N/VC:L/VI:H/VA:N/SC:L/SI:H/SA:N/E:P,Network,Low,Low,None,6.1,MEDIUM,2,1,2,2,2,STATE MANIPULATION,2026-04-10T15:43:01.635422,
43,auto-updater,update.md,update.md,Qwen/Qwen2.5-32B-Instruct,Qwen_Qwen2.5-32B-Instruct,MEDIUM,True,3,5.7,Medium,CVSS:4.0/AV:N/AC:L/AT:N/PR:L/UI:P/VC:L/VI:H/VA:L/SC:L/SI:H/SA:L/E:U,Network,Low,Low,Passive,6.1,MEDIUM,2,1,2,2,2,REMOTE CODE EXECUTION / DYNAMIC CODE,2026-04-12T23:40:52.699961,
44,self-improvement,self-improving-agent,self-improving-agent,meta-llama/Meta-Llama-3.1-70B-Instruct,meta-llama_Meta-Llama-3.1-70B-Instruct,MEDIUM,True,5,5.6,Medium,CVSS:4.0/AV:N/AC:L/AT:P/PR:L/UI:P/VC:L/VI:H/VA:N/SC:L/SI:H/SA:N/E:P,Network,Low,Low,Passive,6.1,MEDIUM,2,1,2,2,2,MEMORY POISONING & PERSISTENCE ATTACKS,2026-04-09T23:37:12.102212,
45,Self-Improving + Proactive Agent,self-improving.md,self-improving.md,meta-llama/Meta-Llama-3.1-70B-Instruct,meta-llama_Meta-Llama-3.1-70B-Instruct,MEDIUM,True,5,5.6,Medium,CVSS:4.0/AV:N/AC:L/AT:P/PR:L/UI:P/VC:L/VI:H/VA:N/SC:L/SI:H/SA:N/E:P,Network,Low,Low,Passive,6.1,MEDIUM,2,1,2,2,2,MEMORY POISONING & PERSISTENCE ATTACKS,2026-04-10T11:17:35.821643,
46,nano-banana-pro,nano-banana-pro.md,nano-banana-pro.md,meta-llama/Meta-Llama-3.1-70B-Instruct,meta-llama_Meta-Llama-3.1-70B-Instruct,MEDIUM,True,5,5.6,Medium,CVSS:4.0/AV:N/AC:L/AT:P/PR:L/UI:P/VC:L/VI:H/VA:N/SC:H/SI:H/SA:N/E:P,Network,Low,Low,Passive,5.9,MEDIUM,2,2,2,1,2,COMMAND/SHELL INJECTION,2026-04-10T12:08:34.002572,
47,admapix,admapix.md,admapix.md,meta-llama/Meta-Llama-3.1-70B-Instruct,meta-llama_Meta-Llama-3.1-70B-Instruct,HIGH,True,7,5.6,Medium,CVSS:4.0/AV:N/AC:L/AT:P/PR:L/UI:P/VC:L/VI:H/VA:N/SC:H/SI:H/SA:H/E:P,Network,Low,Low,Passive,6.7,MEDIUM,2,2,2,2,2,COMMAND/SHELL INJECTION,2026-04-10T12:54:18.703389,
48,nano-pdf,nano-pdf.md,nano-pdf.md,meta-llama/Meta-Llama-3.1-70B-Instruct,meta-llama_Meta-Llama-3.1-70B-Instruct,MEDIUM,True,3,5.6,Medium,CVSS:4.0/AV:N/AC:L/AT:P/PR:L/UI:P/VC:L/VI:H/VA:N/SC:L/SI:H/SA:N/E:P,Network,Low,Low,Passive,5.4,MEDIUM,2,1,2,1,2,COMMAND/SHELL INJECTION,2026-04-10T12:56:44.898846,
49,remotion-video-toolkit,remotion-video-toolkit.md,remotion-video-toolkit.md,meta-llama/Meta-Llama-3.1-70B-Instruct,meta-llama_Meta-Llama-3.1-70B-Instruct,HIGH,True,5,5.6,Medium,CVSS:4.0/AV:N/AC:L/AT:P/PR:L/UI:P/VC:L/VI:H/VA:N/SC:L/SI:H/SA:N/E:P,Network,Low,Low,Passive,6.1,MEDIUM,2,1,2,2,2,COMMAND/SHELL INJECTION,2026-04-10T15:40:37.623588,
50,frontend-design-ultimate,frontend-design-ultimate.md,frontend-design-ultimate.md,meta-llama/Meta-Llama-3.1-70B-Instruct,meta-llama_Meta-Llama-3.1-70B-Instruct,HIGH,True,7,5.6,Medium,CVSS:4.0/AV:N/AC:L/AT:P/PR:L/UI:P/VC:L/VI:H/VA:N/SC:H/SI:H/SA:H/E:P,Network,Low,Low,Passive,6.1,MEDIUM,2,1,2,2,2,Command Injection / RCE,2026-04-10T16:31:51.710538,
51,discord,discord.md,discord.md,meta-llama/Meta-Llama-3.1-70B-Instruct,meta-llama_Meta-Llama-3.1-70B-Instruct,HIGH,True,7,5.6,Medium,CVSS:4.0/AV:N/AC:L/AT:P/PR:L/UI:P/VC:L/VI:H/VA:N/SC:L/SI:H/SA:N/E:P,Network,Low,Low,Passive,6.1,MEDIUM,2,1,2,2,2,COMMAND/SHELL INJECTION,2026-04-10T16:38:54.231439,
52,Self-Improving + Proactive Agent,self-improving.md,self-improving.md,Qwen/Qwen2.5-32B-Instruct,Qwen_Qwen2.5-32B-Instruct,MEDIUM,True,3,4.2,Medium,CVSS:4.0/AV:N/AC:L/AT:P/PR:L/UI:P/VC:L/VI:H/VA:L/SC:H/SI:H/SA:L/E:U,Network,Low,Low,Passive,6.1,MEDIUM,2,1,2,2,2,MEMORY POISONING & PERSISTENCE ATTACKS,2026-04-10T00:06:24.734439,
53,proactive-agent,proactive-agent.md,proactive-agent.md,Qwen/Qwen2.5-32B-Instruct,Qwen_Qwen2.5-32B-Instruct,MEDIUM,True,3,4.2,Medium,CVSS:4.0/AV:N/AC:L/AT:P/PR:L/UI:P/VC:L/VI:H/VA:L/SC:H/SI:H/SA:L/E:U,Network,Low,Low,Passive,6.7,MEDIUM,2,2,2,2,2,AGENTIC STATE MANIPULATION,2026-04-10T00:14:02.605568,
54,ontology,ontology.md,ontology.md,Qwen/Qwen2.5-32B-Instruct,Qwen_Qwen2.5-32B-Instruct,MEDIUM,True,3,4.2,Medium,CVSS:4.0/AV:N/AC:L/AT:P/PR:L/UI:P/VC:L/VI:H/VA:L/SC:H/SI:H/SA:L/E:U,Network,Low,Low,Passive,6.7,MEDIUM,2,2,2,2,2,MEMORY POISONING & PERSISTENCE ATTACKS,2026-04-10T00:25:59.704974,
55,admapix,admapix.md,admapix.md,Qwen/Qwen2.5-32B-Instruct,Qwen_Qwen2.5-32B-Instruct,MEDIUM,True,3,4.2,Medium,CVSS:4.0/AV:N/AC:L/AT:P/PR:L/UI:P/VC:L/VI:H/VA:L/SC:H/SI:H/SA:L/E:U,Network,Low,Low,Passive,6.7,MEDIUM,2,2,2,2,2,PROMPT INJECTION SUSCEPTIBILITY,2026-04-10T01:19:01.333848,
56,elite-longterm-memory,elite-longterm-memory.md,elite-longterm-memory.md,Qwen/Qwen2.5-32B-Instruct,Qwen_Qwen2.5-32B-Instruct,MEDIUM,True,3,4.2,Medium,CVSS:4.0/AV:N/AC:L/AT:P/PR:L/UI:P/VC:L/VI:H/VA:L/SC:H/SI:H/SA:L/E:U,Network,Low,Low,Passive,6.7,MEDIUM,2,2,2,2,2,MEMORY POISONING & PERSISTENCE ATTACKS,2026-04-10T01:30:38.234053,
57,meitu-skills,meitu-skills.md,meitu-skills.md,Qwen/Qwen2.5-32B-Instruct,Qwen_Qwen2.5-32B-Instruct,MEDIUM,True,3,4.2,Medium,CVSS:4.0/AV:N/AC:L/AT:P/PR:L/UI:P/VC:L/VI:H/VA:L/SC:H/SI:H/SA:L/E:U,Network,Low,Low,Passive,6.7,MEDIUM,2,2,2,2,2,COMMAND/SHELL INJECTION,2026-04-10T02:01:19.918621,
58,memory-setup,memory-setup.md,memory-setup.md,Qwen/Qwen2.5-32B-Instruct,Qwen_Qwen2.5-32B-Instruct,MEDIUM,True,3,4.2,Medium,CVSS:4.0/AV:N/AC:L/AT:P/PR:L/UI:P/VC:L/VI:H/VA:L/SC:H/SI:H/SA:L/E:U,Network,Low,Low,Passive,6.7,MEDIUM,2,2,2,2,2,MEMORY POISONING & PERSISTENCE ATTACKS,2026-04-10T02:05:11.408614,
59,edgeone-clawscan,edgeone-clawscan.md,edgeone-clawscan.md,Qwen/Qwen2.5-32B-Instruct,Qwen_Qwen2.5-32B-Instruct,MEDIUM,True,3,4.2,Medium,CVSS:4.0/AV:N/AC:L/AT:P/PR:L/UI:P/VC:L/VI:H/VA:L/SC:H/SI:H/SA:L/E:U,Network,Low,Low,Passive,6.7,MEDIUM,2,2,2,2,2,MEMORY POISONING & PERSISTENCE ATTACKS,2026-04-10T02:07:25.007022,
60,byterover,byterover.md,byterover.md,Qwen/Qwen2.5-32B-Instruct,Qwen_Qwen2.5-32B-Instruct,MEDIUM,True,4,4.2,Medium,CVSS:4.0/AV:N/AC:L/AT:P/PR:L/UI:P/VC:L/VI:H/VA:L/SC:H/SI:H/SA:L/E:U,Network,Low,Low,Passive,6.7,MEDIUM,2,2,2,2,2,COMMAND/SHELL INJECTION,2026-04-10T02:11:24.733684,
61,minara,minara.md,minara.md,Qwen/Qwen2.5-32B-Instruct,Qwen_Qwen2.5-32B-Instruct,MEDIUM,True,3,4.2,Medium,CVSS:4.0/AV:N/AC:L/AT:P/PR:L/UI:P/VC:L/VI:H/VA:L/SC:H/SI:H/SA:L/E:U,Network,Low,Low,Passive,6.7,MEDIUM,2,2,2,2,2,PROMPT INJECTION SUSCEPTIBILITY,2026-04-10T02:14:28.301305,
62,ai-persona-os,ai-persona-os.md,ai-persona-os.md,Qwen/Qwen2.5-32B-Instruct,Qwen_Qwen2.5-32B-Instruct,MEDIUM,True,3,4.2,Medium,CVSS:4.0/AV:N/AC:L/AT:P/PR:L/UI:P/VC:L/VI:H/VA:L/SC:H/SI:H/SA:L/E:U,Network,Low,Low,Passive,6.7,MEDIUM,2,2,2,2,2,PROMPT INJECTION SUSCEPTIBILITY,2026-04-10T02:31:27.722176,
63,browser-use,browser-use.md,browser-use.md,Qwen/Qwen2.5-32B-Instruct,Qwen_Qwen2.5-32B-Instruct,MEDIUM,True,3,4.2,Medium,CVSS:4.0/AV:N/AC:L/AT:P/PR:L/UI:P/VC:L/VI:H/VA:L/SC:H/SI:H/SA:L/E:U,Network,Low,Low,Passive,5.4,MEDIUM,2,1,2,1,2,COMMAND/SHELL INJECTION,2026-04-10T02:41:47.917371,
64,memory-manager,memory-manager.md,memory-manager.md,Qwen/Qwen2.5-32B-Instruct,Qwen_Qwen2.5-32B-Instruct,MEDIUM,True,3,4.2,Medium,CVSS:4.0/AV:N/AC:L/AT:P/PR:L/UI:P/VC:L/VI:H/VA:L/SC:H/SI:H/SA:L/E:U,Network,Low,Low,Passive,6.1,MEDIUM,2,1,2,2,2,MEMORY POISONING & PERSISTENCE ATTACKS,2026-04-10T02:47:21.521424,
65,mx_macro_data,mx-macro-data.md,mx-macro-data.md,Qwen/Qwen2.5-32B-Instruct,Qwen_Qwen2.5-32B-Instruct,MEDIUM,True,3,4.2,Medium,CVSS:4.0/AV:N/AC:L/AT:P/PR:L/UI:P/VC:L/VI:H/VA:L/SC:H/SI:H/SA:L/E:U,Network,Low,Low,Passive,6.7,MEDIUM,2,2,2,2,2,PROMPT INJECTION SUSCEPTIBILITY,2026-04-10T03:14:24.125287,
66,tuya-smart-control,tuya-smart-control.md,tuya-smart-control.md,Qwen/Qwen2.5-32B-Instruct,Qwen_Qwen2.5-32B-Instruct,MEDIUM,True,3,4.2,Medium,CVSS:4.0/AV:N/AC:L/AT:P/PR:L/UI:P/VC:L/VI:H/VA:L/SC:H/SI:H/SA:L/E:U,Network,Low,Low,Passive,6.7,MEDIUM,2,2,2,2,2,COMMAND/SHELL INJECTION,2026-04-10T03:23:49.831622,
67,xiaohongshu,xhs.md,xhs.md,Qwen/Qwen2.5-32B-Instruct,Qwen_Qwen2.5-32B-Instruct,MEDIUM,True,4,4.2,Medium,CVSS:4.0/AV:N/AC:L/AT:P/PR:L/UI:P/VC:L/VI:H/VA:L/SC:H/SI:H/SA:L/E:U,Network,Low,Low,Passive,6.7,MEDIUM,2,2,2,2,2,COMMAND/SHELL INJECTION,2026-04-10T03:34:11.501013,
68,discord,discord.md,discord.md,Qwen/Qwen2.5-32B-Instruct,Qwen_Qwen2.5-32B-Instruct,MEDIUM,True,3,4.2,Medium,CVSS:4.0/AV:N/AC:L/AT:P/PR:L/UI:P/VC:L/VI:H/VA:L/SC:H/SI:H/SA:L/E:U,Network,Low,Low,Passive,6.1,MEDIUM,2,1,2,2,2,MEMORY POISONING & PERSISTENCE ATTACKS,2026-04-10T03:36:19.118720,
69,linkedin-dm,linkedin-dm.md,linkedin-dm.md,Qwen/Qwen2.5-32B-Instruct,Qwen_Qwen2.5-32B-Instruct,MEDIUM,True,3,4.2,Medium,CVSS:4.0/AV:N/AC:L/AT:P/PR:L/UI:P/VC:L/VI:H/VA:L/SC:H/SI:H/SA:L/E:U,Network,Low,Low,Passive,5.9,MEDIUM,2,2,2,1,2,PROMPT INJECTION SUSCEPTIBILITY,2026-04-12T18:08:58.421912,
70,gog,gog.md,gog.md,Qwen/Qwen2.5-32B-Instruct,Qwen_Qwen2.5-32B-Instruct,MEDIUM,True,3,4.1,Medium,CVSS:4.0/AV:N/AC:L/AT:P/PR:L/UI:P/VC:L/VI:H/VA:L/SC:L/SI:H/SA:L/E:U,Network,Low,Low,Passive,5.9,MEDIUM,2,2,2,1,2,COMMAND/SHELL INJECTION,2026-04-10T00:11:01.115070,
71,freeride,free-ride.md,free-ride.md,Qwen/Qwen2.5-32B-Instruct,Qwen_Qwen2.5-32B-Instruct,MEDIUM,True,3,4.1,Medium,CVSS:4.0/AV:N/AC:L/AT:P/PR:L/UI:P/VC:L/VI:H/VA:L/SC:L/SI:H/SA:L/E:U,Network,Low,Low,Passive,5.9,MEDIUM,2,2,2,1,2,COMMAND/SHELL INJECTION,2026-04-10T00:33:37.199309,
72,auto-updater,auto-updater.md,auto-updater.md,Qwen/Qwen2.5-32B-Instruct,Qwen_Qwen2.5-32B-Instruct,MEDIUM,True,3,4.1,Medium,CVSS:4.0/AV:N/AC:L/AT:P/PR:L/UI:P/VC:L/VI:H/VA:L/SC:L/SI:H/SA:L/E:U,Network,Low,Low,Passive,5.4,MEDIUM,2,1,2,1,2,REMOTE CODE EXECUTION / DYNAMIC CODE,2026-04-10T00:36:57.500990,
73,nano-banana-pro,nano-banana-pro.md,nano-banana-pro.md,Qwen/Qwen2.5-32B-Instruct,Qwen_Qwen2.5-32B-Instruct,MEDIUM,True,3,4.1,Medium,CVSS:4.0/AV:N/AC:L/AT:P/PR:L/UI:P/VC:L/VI:H/VA:L/SC:L/SI:H/SA:L/E:U,Network,Low,Low,Passive,5.4,MEDIUM,2,1,2,1,2,COMMAND/SHELL INJECTION,2026-04-10T00:45:44.009927,
74,obsidian,obsidian.md,obsidian.md,Qwen/Qwen2.5-32B-Instruct,Qwen_Qwen2.5-32B-Instruct,MEDIUM,True,3,4.1,Medium,CVSS:4.0/AV:N/AC:L/AT:P/PR:L/UI:P/VC:L/VI:H/VA:L/SC:L/SI:H/SA:L/E:U,Network,Low,Low,Passive,5.4,MEDIUM,2,1,2,1,2,UNSAFE FILE OPERATIONS,2026-04-10T00:59:53.343404,
75,agent-browser,agent-browser-clawdbot.md,agent-browser-clawdbot.md,Qwen/Qwen2.5-32B-Instruct,Qwen_Qwen2.5-32B-Instruct,MEDIUM,True,3,4.1,Medium,CVSS:4.0/AV:N/AC:L/AT:P/PR:L/UI:P/VC:L/VI:H/VA:L/SC:L/SI:H/SA:L/E:U,Network,Low,Low,Passive,5.4,MEDIUM,2,1,2,1,2,PROMPT INJECTION SUSCEPTIBILITY,2026-04-10T01:05:51.533672,
76,Word / DOCX,word-docx.md,word-docx.md,Qwen/Qwen2.5-32B-Instruct,Qwen_Qwen2.5-32B-Instruct,MEDIUM,True,3,4.1,Medium,CVSS:4.0/AV:N/AC:L/AT:P/PR:L/UI:P/VC:L/VI:H/VA:L/SC:L/SI:H/SA:L/E:U,Network,Low,Low,Passive,5.9,MEDIUM,2,2,2,1,2,PROMPT INJECTION SUSCEPTIBILITY,2026-04-10T01:12:52.509475,
77,notion,notion.md,notion.md,Qwen/Qwen2.5-32B-Instruct,Qwen_Qwen2.5-32B-Instruct,MEDIUM,True,3,4.1,Medium,CVSS:4.0/AV:N/AC:L/AT:P/PR:L/UI:P/VC:L/VI:H/VA:L/SC:L/SI:H/SA:L/E:U,Network,Low,Low,Passive,5.9,MEDIUM,2,2,2,1,2,CREDENTIAL / SECRET EXPOSURE,2026-04-10T01:14:56.728812,
78,clawdhub,clawdhub.md,clawdhub.md,Qwen/Qwen2.5-32B-Instruct,Qwen_Qwen2.5-32B-Instruct,MEDIUM,True,3,4.1,Medium,CVSS:4.0/AV:N/AC:L/AT:P/PR:L/UI:P/VC:L/VI:H/VA:L/SC:L/SI:H/SA:L/E:U,Network,Low,Low,Passive,5.4,MEDIUM,2,1,2,1,2,DEPENDENCY / SUPPLY CHAIN ATTACKS,2026-04-10T01:16:59.605326,
79,stock-analysis,stock-analysis.md,stock-analysis.md,Qwen/Qwen2.5-32B-Instruct,Qwen_Qwen2.5-32B-Instruct,MEDIUM,True,3,4.1,Medium,CVSS:4.0/AV:N/AC:L/AT:P/PR:L/UI:P/VC:L/VI:H/VA:L/SC:L/SI:H/SA:L/E:U,Network,Low,Low,Passive,5.4,MEDIUM,2,1,2,1,2,COMMAND/SHELL INJECTION,2026-04-10T01:22:55.628778,
80,caldav-calendar,caldav-calendar.md,caldav-calendar.md,Qwen/Qwen2.5-32B-Instruct,Qwen_Qwen2.5-32B-Instruct,MEDIUM,True,3,4.1,Medium,CVSS:4.0/AV:N/AC:L/AT:P/PR:L/UI:P/VC:L/VI:H/VA:L/SC:L/SI:H/SA:L/E:U,Network,Low,Low,Passive,5.9,MEDIUM,2,2,2,1,2,COMMAND/SHELL INJECTION,2026-04-10T01:28:35.622550,
81,mcporter,mcporter.md,mcporter.md,Qwen/Qwen2.5-32B-Instruct,Qwen_Qwen2.5-32B-Instruct,MEDIUM,True,3,4.1,Medium,CVSS:4.0/AV:N/AC:L/AT:P/PR:L/UI:P/VC:L/VI:H/VA:L/SC:L/SI:H/SA:L/E:U,Network,Low,Low,Passive,5.4,MEDIUM,2,1,2,1,2,COMMAND/SHELL INJECTION,2026-04-10T01:35:48.940957,
82,ecomseer,ecomseer.md,ecomseer.md,Qwen/Qwen2.5-32B-Instruct,Qwen_Qwen2.5-32B-Instruct,MEDIUM,True,4,4.1,Medium,CVSS:4.0/AV:N/AC:L/AT:P/PR:L/UI:P/VC:L/VI:H/VA:L/SC:L/SI:H/SA:L/E:U,Network,Low,Low,Passive,6.7,MEDIUM,2,2,2,2,2,COMMAND/SHELL INJECTION,2026-04-10T01:38:23.325002,
83,humanize-ai-text,humanize-ai-text.md,humanize-ai-text.md,Qwen/Qwen2.5-32B-Instruct,Qwen_Qwen2.5-32B-Instruct,MEDIUM,True,3,4.1,Medium,CVSS:4.0/AV:N/AC:L/AT:P/PR:L/UI:P/VC:L/VI:H/VA:L/SC:L/SI:H/SA:L/E:U,Network,Low,Low,Passive,5.4,MEDIUM,2,1,2,1,2,PROMPT INJECTION SUSCEPTIBILITY,2026-04-10T01:40:30.916028,
84,xiaohongshu-mcp,xiaohongshu-mcp.md,xiaohongshu-mcp.md,Qwen/Qwen2.5-32B-Instruct,Qwen_Qwen2.5-32B-Instruct,MEDIUM,True,3,4.1,Medium,CVSS:4.0/AV:N/AC:L/AT:P/PR:L/UI:P/VC:L/VI:H/VA:L/SC:L/SI:H/SA:L/E:U,Network,Low,Low,Passive,5.9,MEDIUM,2,2,2,1,2,COMMAND/SHELL INJECTION,2026-04-10T01:49:10.238632,
85,ui-ux-pro-max,ui-ux-pro-max.md,ui-ux-pro-max.md,Qwen/Qwen2.5-32B-Instruct,Qwen_Qwen2.5-32B-Instruct,MEDIUM,True,3,4.1,Medium,CVSS:4.0/AV:N/AC:L/AT:P/PR:L/UI:P/VC:L/VI:H/VA:L/SC:L/SI:H/SA:L/E:U,Network,Low,Low,Passive,5.4,MEDIUM,2,1,2,1,2,PROMPT INJECTION SUSCEPTIBILITY,2026-04-10T01:59:19.534860,
86,slack,slack.md,slack.md,Qwen/Qwen2.5-32B-Instruct,Qwen_Qwen2.5-32B-Instruct,MEDIUM,True,3,4.1,Medium,CVSS:4.0/AV:N/AC:L/AT:P/PR:L/UI:P/VC:L/VI:H/VA:L/SC:L/SI:H/SA:L/E:U,Network,Low,Low,Passive,5.4,MEDIUM,2,1,2,1,2,SCOPE CREEP / OVER-PRIVILEGED TOOL USE,2026-04-10T02:03:06.824731,
87,playwright-mcp,playwright-mcp.md,playwright-mcp.md,Qwen/Qwen2.5-32B-Instruct,Qwen_Qwen2.5-32B-Instruct,MEDIUM,True,3,4.1,Medium,CVSS:4.0/AV:N/AC:L/AT:P/PR:L/UI:P/VC:L/VI:H/VA:L/SC:L/SI:H/SA:L/E:U,Network,Low,Low,Passive,5.4,MEDIUM,2,1,2,1,2,PROMPT INJECTION SUSCEPTIBILITY,2026-04-10T02:09:21.113817,
88,moltguard,moltguard.md,moltguard.md,Qwen/Qwen2.5-32B-Instruct,Qwen_Qwen2.5-32B-Instruct,MEDIUM,True,3,4.1,Medium,CVSS:4.0/AV:N/AC:L/AT:P/PR:L/UI:P/VC:L/VI:H/VA:L/SC:L/SI:H/SA:L/E:U,Network,Low,Low,Passive,6.7,MEDIUM,2,2,2,2,2,MEMORY POISONING & PERSISTENCE ATTACKS,2026-04-10T02:18:27.100608,
89,qmd,qmd.md,qmd.md,Qwen/Qwen2.5-32B-Instruct,Qwen_Qwen2.5-32B-Instruct,MEDIUM,True,3,4.1,Medium,CVSS:4.0/AV:N/AC:L/AT:P/PR:L/UI:P/VC:L/VI:H/VA:L/SC:L/SI:H/SA:L/E:U,Network,Low,Low,Passive,5.4,MEDIUM,2,1,2,1,2,UNSAFE FILE OPERATIONS,2026-04-10T02:24:53.229591,
90,skill-finder-cn,skill-finder-cn.md,skill-finder-cn.md,Qwen/Qwen2.5-32B-Instruct,Qwen_Qwen2.5-32B-Instruct,MEDIUM,True,3,4.1,Medium,CVSS:4.0/AV:N/AC:L/AT:P/PR:L/UI:P/VC:L/VI:H/VA:L/SC:L/SI:H/SA:L/E:U,Network,Low,Low,Passive,6.1,MEDIUM,2,1,2,2,2,PROMPT INJECTION SUSCEPTIBILITY,2026-04-10T02:36:57.124699,
91,skill-compass,skill-compass.md,skill-compass.md,Qwen/Qwen2.5-32B-Instruct,Qwen_Qwen2.5-32B-Instruct,MEDIUM,True,3,4.1,Medium,CVSS:4.0/AV:N/AC:L/AT:P/PR:L/UI:P/VC:L/VI:H/VA:L/SC:L/SI:H/SA:L/E:U,Network,Low,Low,Passive,5.4,MEDIUM,2,1,2,1,2,COMMAND/SHELL INJECTION,2026-04-10T02:38:50.127764,
92,Playwright (Automation + MCP + Scraper),playwright.md,playwright.md,Qwen/Qwen2.5-32B-Instruct,Qwen_Qwen2.5-32B-Instruct,MEDIUM,True,3,4.1,Medium,CVSS:4.0/AV:N/AC:L/AT:P/PR:L/UI:P/VC:L/VI:H/VA:L/SC:L/SI:H/SA:L/E:U,Network,Low,Low,Passive,5.4,MEDIUM,2,1,2,1,2,PROMPT INJECTION SUSCEPTIBILITY,2026-04-10T02:45:31.109183,
93,stock-watcher,stock-watcher.md,stock-watcher.md,Qwen/Qwen2.5-32B-Instruct,Qwen_Qwen2.5-32B-Instruct,MEDIUM,True,3,4.1,Medium,CVSS:4.0/AV:N/AC:L/AT:P/PR:L/UI:P/VC:L/VI:H/VA:L/SC:L/SI:H/SA:L/E:U,Network,Low,Low,Passive,5.4,MEDIUM,2,1,2,1,2,UNSAFE FILE OPERATIONS,2026-04-10T02:49:17.212610,
94,mx_stocks_screener,mx-stocks-screener.md,mx-stocks-screener.md,Qwen/Qwen2.5-32B-Instruct,Qwen_Qwen2.5-32B-Instruct,MEDIUM,True,3,4.1,Medium,CVSS:4.0/AV:N/AC:L/AT:P/PR:L/UI:P/VC:L/VI:H/VA:L/SC:L/SI:H/SA:L/E:U,Network,Low,Low,Passive,4.8,MEDIUM,2,1,1,1,2,PROMPT INJECTION SUSCEPTIBILITY,2026-04-10T02:51:03.017543,
95,filesystem,clawdbot-filesystem.md,clawdbot-filesystem.md,Qwen/Qwen2.5-32B-Instruct,Qwen_Qwen2.5-32B-Instruct,MEDIUM,True,3,4.1,Medium,CVSS:4.0/AV:N/AC:L/AT:P/PR:L/UI:P/VC:L/VI:H/VA:L/SC:L/SI:H/SA:L/E:U,Network,Low,Low,Passive,5.4,MEDIUM,2,1,2,1,2,UNSAFE FILE OPERATIONS,2026-04-10T02:55:20.036356,
96,remotion-video-toolkit,remotion-video-toolkit.md,remotion-video-toolkit.md,Qwen/Qwen2.5-32B-Instruct,Qwen_Qwen2.5-32B-Instruct,MEDIUM,True,3,4.1,Medium,CVSS:4.0/AV:N/AC:L/AT:P/PR:L/UI:P/VC:L/VI:H/VA:L/SC:L/SI:H/SA:L/E:U,Network,Low,Low,Passive,5.4,MEDIUM,2,1,2,1,2,PROMPT INJECTION SUSCEPTIBILITY,2026-04-10T03:00:51.328221,
97,gmail,gmail.md,gmail.md,Qwen/Qwen2.5-32B-Instruct,Qwen_Qwen2.5-32B-Instruct,MEDIUM,True,3,4.1,Medium,CVSS:4.0/AV:N/AC:L/AT:P/PR:L/UI:P/VC:L/VI:H/VA:L/SC:L/SI:H/SA:L/E:U,Network,Low,Low,Passive,5.9,MEDIUM,2,2,2,1,2,COMMAND/SHELL INJECTION,2026-04-10T03:09:00.730803,
98,a-stock-analysis,a-stock-analysis.md,a-stock-analysis.md,Qwen/Qwen2.5-32B-Instruct,Qwen_Qwen2.5-32B-Instruct,MEDIUM,True,3,4.1,Medium,CVSS:4.0/AV:N/AC:L/AT:P/PR:L/UI:P/VC:L/VI:H/VA:L/SC:L/SI:H/SA:L/E:U,Network,Low,Low,Passive,5.9,MEDIUM,2,2,2,1,2,UNSAFE FILE OPERATIONS,2026-04-10T03:16:21.936456,
99,command-center,command-center.md,command-center.md,Qwen/Qwen2.5-32B-Instruct,Qwen_Qwen2.5-32B-Instruct,MEDIUM,True,3,4.1,Medium,CVSS:4.0/AV:N/AC:L/AT:P/PR:L/UI:P/VC:L/VI:H/VA:L/SC:L/SI:H/SA:L/E:U,Network,Low,Low,Passive,6.7,MEDIUM,2,2,2,2,2,PRIVILEGE ESCALATION,2026-04-10T03:20:04.919484,
100,himalaya,himalaya.md,himalaya.md,Qwen/Qwen2.5-32B-Instruct,Qwen_Qwen2.5-32B-Instruct,MEDIUM,True,3,4.1,Medium,CVSS:4.0/AV:N/AC:L/AT:P/PR:L/UI:P/VC:L/VI:H/VA:L/SC:L/SI:H/SA:L/E:U,Network,Low,Low,Passive,5.9,MEDIUM,2,2,2,1,2,COMMAND/SHELL INJECTION,2026-04-10T03:27:56.204467,
101,mx_finance_data,mx-finance-data.md,mx-finance-data.md,Qwen/Qwen2.5-32B-Instruct,Qwen_Qwen2.5-32B-Instruct,MEDIUM,True,3,4.1,Medium,CVSS:4.0/AV:N/AC:L/AT:P/PR:L/UI:P/VC:L/VI:H/VA:L/SC:L/SI:H/SA:L/E:U,Network,Low,Low,Passive,5.9,MEDIUM,2,2,2,1,2,COMMAND/SHELL INJECTION,2026-04-10T03:30:50.409837,
102,youtube-voice-summarizer,youtube-voice-summarizer-elevenlabs.md,youtube-voice-summarizer-elevenlabs.md,Qwen/Qwen2.5-32B-Instruct,Qwen_Qwen2.5-32B-Instruct,MEDIUM,True,3,4.1,Medium,CVSS:4.0/AV:N/AC:L/AT:P/PR:L/UI:P/VC:L/VI:H/VA:L/SC:L/SI:H/SA:L/E:U,Network,Low,Low,Passive,5.4,MEDIUM,2,1,2,1,2,REMOTE CODE EXECUTION / DYNAMIC CODE,2026-04-12T17:55:13.941124,
103,youtube-summarizer,youtube-summarizer.md,youtube-summarizer.md,Qwen/Qwen2.5-32B-Instruct,Qwen_Qwen2.5-32B-Instruct,MEDIUM,True,4,4.1,Medium,CVSS:4.0/AV:N/AC:L/AT:P/PR:L/UI:P/VC:L/VI:H/VA:L/SC:L/SI:H/SA:L/E:U,Network,Low,Low,Passive,5.4,MEDIUM,2,1,2,1,2,COMMAND/SHELL INJECTION,2026-04-12T17:57:43.597614,
104,youtube-asr-summarize,youtube-asr-summarize.md,youtube-asr-summarize.md,Qwen/Qwen2.5-32B-Instruct,Qwen_Qwen2.5-32B-Instruct,MEDIUM,True,3,4.1,Medium,CVSS:4.0/AV:N/AC:L/AT:P/PR:L/UI:P/VC:L/VI:H/VA:L/SC:L/SI:H/SA:L/E:U,Network,Low,Low,Passive,5.4,MEDIUM,2,1,2,1,2,REMOTE CODE EXECUTION / DYNAMIC CODE,2026-04-12T17:59:46.827164,
105,youtube-downloader,yt-video-downloader.md,yt-video-downloader.md,Qwen/Qwen2.5-32B-Instruct,Qwen_Qwen2.5-32B-Instruct,MEDIUM,True,3,4.1,Medium,CVSS:4.0/AV:N/AC:L/AT:P/PR:L/UI:P/VC:L/VI:H/VA:L/SC:L/SI:H/SA:L/E:U,Network,Low,Low,Passive,5.4,MEDIUM,2,1,2,1,2,UNSAFE FILE OPERATIONS,2026-04-12T18:03:20.609355,
106,linkedin-content,linkedin-content.md,linkedin-content.md,Qwen/Qwen2.5-32B-Instruct,Qwen_Qwen2.5-32B-Instruct,MEDIUM,True,3,4.1,Medium,CVSS:4.0/AV:N/AC:L/AT:P/PR:L/UI:P/VC:L/VI:H/VA:L/SC:L/SI:H/SA:L/E:U,Network,Low,Low,Passive,4.8,MEDIUM,2,1,1,1,2,PROMPT INJECTION SUSCEPTIBILITY,2026-04-12T18:06:51.335591,
107,apple-calendar-ops,apple-calendar-ops.md,apple-calendar-ops.md,Qwen/Qwen2.5-32B-Instruct,Qwen_Qwen2.5-32B-Instruct,MEDIUM,True,3,4.1,Medium,CVSS:4.0/AV:N/AC:L/AT:P/PR:L/UI:P/VC:L/VI:H/VA:L/SC:L/SI:H/SA:L/E:U,Network,Low,Low,Passive,5.9,MEDIUM,2,2,2,1,2,CREDENTIAL / SECRET EXPOSURE,2026-04-12T18:11:08.601167,
108,polymarket_trader,zakkycrypt01-polymarket-trader.md,zakkycrypt01-polymarket-trader.md,Qwen/Qwen2.5-32B-Instruct,Qwen_Qwen2.5-32B-Instruct,MEDIUM,True,3,4.1,Medium,CVSS:4.0/AV:N/AC:L/AT:P/PR:L/UI:P/VC:L/VI:H/VA:L/SC:L/SI:H/SA:L/E:U,Network,Low,Low,Passive,5.9,MEDIUM,2,2,2,1,2,CREDENTIAL / SECRET EXPOSURE,2026-04-12T23:23:14.410805,
109,solana-skill,solana-basics.md,solana-basics.md,Qwen/Qwen2.5-32B-Instruct,Qwen_Qwen2.5-32B-Instruct,MEDIUM,True,3,4.1,Medium,CVSS:4.0/AV:N/AC:L/AT:P/PR:L/UI:P/VC:L/VI:H/VA:L/SC:L/SI:H/SA:L/E:U,Network,Low,Low,Passive,5.9,MEDIUM,2,2,2,1,2,COMMAND/SHELL INJECTION,2026-04-12T23:27:42.312579,
110,cryptowallet,cryptowallet.md,cryptowallet.md,Qwen/Qwen2.5-32B-Instruct,Qwen_Qwen2.5-32B-Instruct,MEDIUM,True,3,4.1,Medium,CVSS:4.0/AV:N/AC:L/AT:P/PR:L/UI:P/VC:L/VI:H/VA:L/SC:L/SI:H/SA:L/E:U,Network,Low,Low,Passive,7.0,HIGH,2,3,3,1,2,COMMAND/SHELL INJECTION,2026-04-12T23:32:10.202649,
111,auto-updater,auto-updater-sxdg2.md,auto-updater-sxdg2.md,Qwen/Qwen2.5-32B-Instruct,Qwen_Qwen2.5-32B-Instruct,MEDIUM,True,3,4.1,Medium,CVSS:4.0/AV:N/AC:L/AT:P/PR:L/UI:P/VC:L/VI:H/VA:L/SC:L/SI:H/SA:L/E:U,Network,Low,Low,Passive,5.4,MEDIUM,2,1,2,1,2,PRIVILEGE ESCALATION,2026-04-12T23:36:35.599382,
112,polymarket-fast-loop,poly.md,poly.md,Qwen/Qwen2.5-32B-Instruct,Qwen_Qwen2.5-32B-Instruct,MEDIUM,True,3,4.1,Medium,CVSS:4.0/AV:N/AC:L/AT:P/PR:L/UI:P/VC:L/VI:H/VA:L/SC:L/SI:H/SA:L/E:U,Network,Low,Low,Passive,5.9,MEDIUM,2,2,2,1,2,COMMAND/SHELL INJECTION,2026-04-12T23:38:34.616679,
113,agent-autonomy-kit,agent-autonomy-kit.md,agent-autonomy-kit.md,Qwen/Qwen2.5-32B-Instruct,Qwen_Qwen2.5-32B-Instruct,MEDIUM,True,3,3.9,Low,CVSS:4.0/AV:N/AC:L/AT:P/PR:L/UI:P/VC:N/VI:H/VA:N/SC:H/SI:H/SA:N/E:U,Network,Low,Low,Passive,6.1,MEDIUM,2,1,2,2,2,AGENTIC STATE MANIPULATION,2026-04-10T03:02:47.702534,
114,clawdwallet,clawdwallet.md,clawdwallet.md,Qwen/Qwen2.5-32B-Instruct,Qwen_Qwen2.5-32B-Instruct,HIGH,True,3,3.9,Low,CVSS:4.0/AV:N/AC:L/AT:P/PR:L/UI:P/VC:N/VI:H/VA:N/SC:H/SI:H/SA:N/E:U,Network,Low,Low,Passive,9.3,CRITICAL,3,3,3,2,3,COMMAND/SHELL INJECTION,2026-04-12T23:34:22.540628,
115,crypto-wallet,crypto-wallet.md,crypto-wallet.md,Qwen/Qwen2.5-32B-Instruct,Qwen_Qwen2.5-32B-Instruct,HIGH,True,3,3.8,Low,CVSS:4.0/AV:N/AC:L/AT:P/PR:L/UI:P/VC:N/VI:H/VA:H/SC:N/SI:H/SA:N/E:U,Network,Low,Low,Passive,7.0,HIGH,2,3,3,1,2,PROMPT INJECTION SUSCEPTIBILITY,2026-04-12T23:29:46.999887,
116,nano-pdf,nano-pdf.md,nano-pdf.md,Qwen/Qwen2.5-32B-Instruct,Qwen_Qwen2.5-32B-Instruct,MEDIUM,True,2,3.7,Low,CVSS:4.0/AV:N/AC:L/AT:P/PR:L/UI:P/VC:N/VI:H/VA:L/SC:N/SI:H/SA:N/E:U,Network,Low,Low,Passive,5.9,MEDIUM,2,2,2,1,2,PROMPT INJECTION SUSCEPTIBILITY,2026-04-10T01:20:42.217069,
117,openclaw-backup,openclaw-backup.md,openclaw-backup.md,Qwen/Qwen2.5-32B-Instruct,Qwen_Qwen2.5-32B-Instruct,MEDIUM,True,3,3.7,Low,CVSS:4.0/AV:N/AC:L/AT:P/PR:L/UI:P/VC:N/VI:H/VA:L/SC:N/SI:H/SA:N/E:U,Network,Low,Low,Passive,5.9,MEDIUM,2,2,2,1,2,UNSAFE FILE OPERATIONS,2026-04-10T03:10:55.038504,
118,trello,trello.md,trello.md,Qwen/Qwen2.5-32B-Instruct,Qwen_Qwen2.5-32B-Instruct,HIGH,True,3,3.6,Low,CVSS:4.0/AV:N/AC:L/AT:P/PR:L/UI:P/VC:N/VI:H/VA:N/SC:N/SI:H/SA:N/E:U,Network,Low,Low,Passive,5.9,MEDIUM,2,2,2,1,2,CREDENTIAL / SECRET EXPOSURE,2026-04-10T01:57:11.318051,
119,opencode-controller,opencode-controller.md,opencode-controller.md,Qwen/Qwen2.5-32B-Instruct,Qwen_Qwen2.5-32B-Instruct,MEDIUM,True,3,3.6,Low,CVSS:4.0/AV:N/AC:L/AT:P/PR:L/UI:P/VC:N/VI:H/VA:N/SC:N/SI:H/SA:N/E:U,Network,Low,Low,Passive,5.4,MEDIUM,2,1,2,1,2,PROMPT INJECTION SUSCEPTIBILITY,2026-04-10T02:58:58.299747,
120,prompt-engineering-expert,prompt-engineering-expert.md,prompt-engineering-expert.md,Qwen/Qwen2.5-32B-Instruct,Qwen_Qwen2.5-32B-Instruct,MEDIUM,True,3,3.6,Low,CVSS:4.0/AV:N/AC:L/AT:P/PR:L/UI:P/VC:N/VI:H/VA:N/SC:N/SI:H/SA:N/E:U,Network,Low,Low,Passive,6.1,MEDIUM,2,1,2,2,2,PROMPT INJECTION SUSCEPTIBILITY,2026-04-10T03:12:40.820181,
121,mx_finance_data,mx-finance-data.md,mx-finance-data.md,mistralai/Mixtral-8x7B-Instruct-v0.1,mistralai_Mixtral-8x7B-Instruct-v0.1,MEDIUM,True,2,2.3,Low,CVSS:4.0/AV:N/AC:L/AT:P/PR:N/UI:P/VC:L/VI:L/VA:N/SC:L/SI:L/SA:N/E:A,Network,Low,None,Passive,4.6,MEDIUM,2,2,1,1,1,PROMPT INJECTION SUSCEPTIBILITY,2026-04-10T23:39:20.902573,
122,self-improvement,self-improving-agent,self-improving-agent,Qwen/Qwen2.5-32B-Instruct,Qwen_Qwen2.5-32B-Instruct,MEDIUM,True,2,2.2,Low,CVSS:4.0/AV:N/AC:L/AT:P/PR:L/UI:P/VC:L/VI:H/VA:L/SC:L/SI:L/SA:L/E:U,Network,Low,Low,Passive,4.8,MEDIUM,2,1,1,1,2,PROMPT INJECTION SUSCEPTIBILITY,2026-04-09T22:45:27.517648,
123,youtube-api-skill,youtube-api-skill.md,youtube-api-skill.md,meta-llama/Meta-Llama-3.1-70B-Instruct,meta-llama_Meta-Llama-3.1-70B-Instruct,MEDIUM,True,5,2.1,Low,CVSS:4.0/AV:N/AC:L/AT:N/PR:L/UI:N/VC:L/VI:L/VA:N/SC:L/SI:L/SA:N/E:P,Network,Low,Low,None,6.7,MEDIUM,2,2,2,2,2,UNSAFE FILE OPERATIONS,2026-04-10T13:52:07.546694,
124,elite-longterm-memory,elite-longterm-memory.md,elite-longterm-memory.md,mistralai/Mixtral-8x7B-Instruct-v0.1,mistralai_Mixtral-8x7B-Instruct-v0.1,MEDIUM,True,3,2.1,Low,CVSS:4.0/AV:N/AC:L/AT:P/PR:L/UI:P/VC:L/VI:L/VA:N/SC:L/SI:L/SA:L/E:A,Network,Low,Low,Passive,5.4,MEDIUM,2,2,1,2,1,UNSAFE FILE OPERATIONS,2026-04-10T21:30:27.329879,
125,tiktok-app-marketing,larry.md,larry.md,mistralai/Mixtral-8x7B-Instruct-v0.1,mistralai_Mixtral-8x7B-Instruct-v0.1,MEDIUM,True,4,2.1,Low,CVSS:4.0/AV:N/AC:L/AT:P/PR:L/UI:P/VC:L/VI:L/VA:L/SC:L/SI:L/SA:L,Network,Low,Low,Passive,5.9,MEDIUM,2,2,2,1,2,PROMPT INJECTION SUSCEPTIBILITY,2026-04-10T21:52:52.145396,
126,minara,minara.md,minara.md,mistralai/Mixtral-8x7B-Instruct-v0.1,mistralai_Mixtral-8x7B-Instruct-v0.1,MEDIUM,True,3,2.1,Low,CVSS:4.0/AV:N/AC:L/AT:P/PR:L/UI:P/VC:L/VI:L/VA:N/SC:L/SI:L/SA:L/E:A,Network,Low,Low,Passive,6.7,MEDIUM,2,2,2,2,2,UNSAFE FILE OPERATIONS,2026-04-10T22:35:55.912038,
127,capability-evolver,capability-evolver.md,capability-evolver.md,mistralai/Mixtral-8x7B-Instruct-v0.1,mistralai_Mixtral-8x7B-Instruct-v0.1,MEDIUM,True,3,2.1,Low,CVSS:4.0/AV:N/AC:L/AT:P/PR:L/UI:P/VC:L/VI:L/VA:N/SC:L/SI:L/SA:L/E:A,Network,Low,Low,Passive,5.9,MEDIUM,2,2,2,2,1,UNSAFE FILE OPERATIONS,2026-04-10T22:51:38.534260,
128,ai-persona-os,ai-persona-os.md,ai-persona-os.md,mistralai/Mixtral-8x7B-Instruct-v0.1,mistralai_Mixtral-8x7B-Instruct-v0.1,MEDIUM,True,3,2.1,Low,CVSS:4.0/AV:N/AC:L/AT:P/PR:L/UI:P/VC:L/VI:L/VA:L/SC:L/SI:L/SA:L/E:A,Network,Low,Low,Passive,5.2,MEDIUM,2,2,2,1,1,UNSAFE FILE OPERATIONS,2026-04-10T22:55:01.637177,
129,Data Analysis,data-analysis.md,data-analysis.md,meta-llama/Meta-Llama-3.1-70B-Instruct,meta-llama_Meta-Llama-3.1-70B-Instruct,MEDIUM,True,5,2.0,Low,CVSS:4.0/AV:N/AC:L/AT:N/PR:L/UI:P/VC:L/VI:L/VA:N/SC:L/SI:L/SA:N/E:P,Network,Low,Low,Passive,5.4,MEDIUM,2,1,2,1,2,UNSAFE FILE OPERATIONS,2026-04-10T15:02:53.325972,
130,tavily-search,openclaw-tavily-search.md,openclaw-tavily-search.md,meta-llama/Meta-Llama-3.1-70B-Instruct,meta-llama_Meta-Llama-3.1-70B-Instruct,MEDIUM,True,3,1.7,Low,CVSS:4.0/AV:N/AC:L/AT:P/PR:N/UI:N/VC:L/VI:L/VA:N/SC:L/SI:L/SA:N/E:U,Network,Low,None,None,2.0,LOW,1,1,0,0,1,DEPENDENCY / SUPPLY CHAIN ATTACKS,2026-04-10T13:02:34.645703,
131,self-improving-agent,self-improving-agent.md,self-improving-agent.md,mistralai/Mixtral-8x7B-Instruct-v0.1,mistralai_Mixtral-8x7B-Instruct-v0.1,MEDIUM,True,3,1.7,Low,CVSS:4.0/AV:N/AC:L/AT:P/PR:N/UI:N/VC:L/VI:L/VA:N/SC:L/SI:L/SA:L/E:U,Network,Low,None,None,4.6,MEDIUM,2,1,2,1,1,PROMPT INJECTION SUSCEPTIBILITY,2026-04-10T20:34:35.499841,
132,humanizer,humanizer.md,humanizer.md,mistralai/Mixtral-8x7B-Instruct-v0.1,mistralai_Mixtral-8x7B-Instruct-v0.1,MEDIUM,True,2,1.7,Low,CVSS:4.0/AV:N/AC:L/AT:P/PR:N/UI:N/VC:L/VI:L/VA:N/SC:L/SI:L/SA:L/E:U,Network,Low,None,None,3.3,LOW,1,1,1,1,1,UNSAFE FILE OPERATIONS,2026-04-10T20:49:35.134394,
133,weather,weather.md,weather.md,mistralai/Mixtral-8x7B-Instruct-v0.1,mistralai_Mixtral-8x7B-Instruct-v0.1,LOW,False,0,1.7,Low,CVSS:4.0/AV:N/AC:L/AT:P/PR:N/UI:N/VC:L/VI:L/VA:N/SC:N/SI:N/SA:N/E:U,Network,Low,None,None,0.0,NONE,0,0,0,0,0,,2026-04-10T20:57:57.520468,
134,desktop-control,desktop-control.md,desktop-control.md,mistralai/Mixtral-8x7B-Instruct-v0.1,mistralai_Mixtral-8x7B-Instruct-v0.1,MEDIUM,True,2,1.7,Low,CVSS:4.0/AV:N/AC:L/AT:P/PR:N/UI:N/VC:L/VI:L/VA:N/SC:N/SI:L/SA:N/E:U,Network,Low,None,None,3.3,LOW,1,1,1,1,1,UNSAFE FILE OPERATIONS,2026-04-10T21:05:12.013153,
135,brave-search,brave-search.md,brave-search.md,mistralai/Mixtral-8x7B-Instruct-v0.1,mistralai_Mixtral-8x7B-Instruct-v0.1,MEDIUM,True,4,1.7,Low,CVSS:4.0/AV:N/AC:L/AT:P/PR:N/UI:N/VC:L/VI:L/VA:N/SC:L/SI:L/SA:N/E:U,Network,Low,None,None,4.1,MEDIUM,2,1,1,1,1,DEPENDENCY / SUPPLY CHAIN ATTACKS,2026-04-10T21:34:03.119002,
136,ecomseer,ecomseer.md,ecomseer.md,mistralai/Mixtral-8x7B-Instruct-v0.1,mistralai_Mixtral-8x7B-Instruct-v0.1,MEDIUM,True,3,1.7,Low,CVSS:4.0/AV:N/AC:L/AT:P/PR:N/UI:N/VC:L/VI:L/VA:N/SC:L/SI:L/SA:L/E:U,Network,Low,None,None,4.6,MEDIUM,2,2,1,1,1,UNSAFE FILE OPERATIONS,2026-04-10T21:39:54.615916,
137,frontend-design,superdesign.md,superdesign.md,mistralai/Mixtral-8x7B-Instruct-v0.1,mistralai_Mixtral-8x7B-Instruct-v0.1,MEDIUM,True,2,1.7,Low,CVSS:4.0/AV:N/AC:L/AT:P/PR:N/UI:N/VC:N/VI:L/VA:N/SC:N/SI:L/SA:N/E:U,Network,Low,None,None,3.3,LOW,1,1,1,1,1,UNSAFE FILE OPERATIONS,2026-04-10T21:44:03.534396,
138,youtube,youtube-api-skill.md,youtube-api-skill.md,mistralai/Mixtral-8x7B-Instruct-v0.1,mistralai_Mixtral-8x7B-Instruct-v0.1,MEDIUM,True,2,1.7,Low,CVSS:4.0/AV:N/AC:L/AT:P/PR:N/UI:N/VC:N/VI:L/VA:N/SC:N/SI:L/SA:N/E:U,Network,Low,None,None,3.3,LOW,1,1,1,1,1,UNSAFE FILE OPERATIONS,2026-04-10T21:58:56.630161,
139,video-frames,video-frames.md,video-frames.md,mistralai/Mixtral-8x7B-Instruct-v0.1,mistralai_Mixtral-8x7B-Instruct-v0.1,MEDIUM,True,2,1.7,Low,CVSS:4.0/AV:N/AC:L/AT:P/PR:N/UI:N/VC:N/VI:L/VA:N/SC:N/SI:L/SA:L/E:U,Network,Low,None,None,3.3,LOW,1,1,1,1,1,UNSAFE FILE OPERATIONS,2026-04-10T22:45:55.918989,
140,video-transcript-downloader,video-transcript-downloader.md,video-transcript-downloader.md,mistralai/Mixtral-8x7B-Instruct-v0.1,mistralai_Mixtral-8x7B-Instruct-v0.1,MEDIUM,True,2,1.7,Low,CVSS:4.0/AV:N/AC:L/AT:P/PR:N/UI:N/VC:L/VI:L/VA:N/SC:L/SI:L/SA:L/E:U,Network,Low,None,None,3.3,LOW,1,1,1,1,1,UNSAFE FILE OPERATIONS,2026-04-10T23:14:20.106156,
141,github,github.md,github.md,meta-llama/Meta-Llama-3.1-70B-Instruct,meta-llama_Meta-Llama-3.1-70B-Instruct,LOW,False,0,1.3,Low,CVSS:4.0/AV:N/AC:L/AT:N/PR:L/UI:N/VC:L/VI:L/VA:N/SC:L/SI:L/SA:N/E:U,Network,Low,Low,None,1.3,LOW,0,1,0,0,1,,2026-04-10T11:52:10.727386,
142,caldav-calendar,caldav-calendar.md,caldav-calendar.md,meta-llama/Meta-Llama-3.1-70B-Instruct,meta-llama_Meta-Llama-3.1-70B-Instruct,MEDIUM,True,5,1.3,Low,CVSS:4.0/AV:N/AC:L/AT:N/PR:L/UI:N/VC:L/VI:L/VA:N/SC:L/SI:L/SA:N/E:U,Network,Low,Low,None,5.9,MEDIUM,2,2,2,1,2,COMMAND/SHELL INJECTION,2026-04-10T13:07:43.923352,
143,markdown-converter,markdown-converter.md,markdown-converter.md,meta-llama/Meta-Llama-3.1-70B-Instruct,meta-llama_Meta-Llama-3.1-70B-Instruct,MEDIUM,True,3,1.3,Low,CVSS:4.0/AV:N/AC:L/AT:N/PR:L/UI:N/VC:L/VI:L/VA:N/SC:L/SI:L/SA:N/E:U,Network,Low,Low,None,5.9,MEDIUM,2,2,2,1,2,COMMAND/SHELL INJECTION,2026-04-10T13:29:45.909505,
144,answeroverflow,answeroverflow.md,answeroverflow.md,meta-llama/Meta-Llama-3.1-70B-Instruct,meta-llama_Meta-Llama-3.1-70B-Instruct,MEDIUM,True,3,1.3,Low,CVSS:4.0/AV:N/AC:L/AT:P/PR:N/UI:P/VC:L/VI:L/VA:N/SC:L/SI:L/SA:N/E:P,Network,Low,None,Passive,5.6,MEDIUM,2,1,1,2,2,INDIRECT / EMBEDDED INJECTION,2026-04-10T13:33:46.427535,
145,a-stock-analysis,a-stock-analysis.md,a-stock-analysis.md,meta-llama/Meta-Llama-3.1-70B-Instruct,meta-llama_Meta-Llama-3.1-70B-Instruct,MEDIUM,True,5,1.3,Low,CVSS:4.0/AV:N/AC:L/AT:N/PR:L/UI:N/VC:L/VI:L/VA:N/SC:L/SI:L/SA:N/E:U,Network,Low,Low,None,5.4,MEDIUM,2,1,2,1,2,COMMAND/SHELL INJECTION,2026-04-10T16:04:21.706094,
146,Self-Improving + Proactive Agent,self-improving.md,self-improving.md,mistralai/Mixtral-8x7B-Instruct-v0.1,mistralai_Mixtral-8x7B-Instruct-v0.1,MEDIUM,True,3,1.3,Low,CVSS:4.0/AV:N/AC:L/AT:N/PR:N/UI:P/VC:L/VI:L/VA:N/SC:L/SI:L/SA:L/E:U,Network,Low,None,Passive,4.1,MEDIUM,2,1,1,1,1,PROMPT INJECTION SUSCEPTIBILITY,2026-04-10T20:37:33.342552,
147,playwright-mcp,playwright-mcp.md,playwright-mcp.md,mistralai/Mixtral-8x7B-Instruct-v0.1,mistralai_Mixtral-8x7B-Instruct-v0.1,MEDIUM,True,3,1.3,Low,CVSS:4.0/AV:N/AC:L/AT:N/PR:L/UI:N/VC:L/VI:L/VA:N/SC:L/SI:L/SA:L/E:U,Network,Low,Low,None,3.3,LOW,1,1,1,1,1,UNSAFE FILE OPERATIONS,2026-04-10T22:14:23.219790,
148,news-summary,news-summary.md,news-summary.md,mistralai/Mixtral-8x7B-Instruct-v0.1,mistralai_Mixtral-8x7B-Instruct-v0.1,MEDIUM,True,2,1.3,Low,CVSS:4.0/AV:N/AC:L/AT:N/PR:L/UI:N/VC:L/VI:L/VA:N/SC:L/SI:L/SA:L/E:U,Network,Low,Low,None,3.3,LOW,1,1,1,1,1,UNSAFE FILE OPERATIONS,2026-04-10T22:38:59.607131,
149,self-improvement,self-improving-agent.md,self-improving-agent.md,meta-llama/Meta-Llama-3.1-70B-Instruct,meta-llama_Meta-Llama-3.1-70B-Instruct,MEDIUM,True,5,1.2,Low,CVSS:4.0/AV:N/AC:L/AT:P/PR:L/UI:P/VC:L/VI:L/VA:N/SC:L/SI:L/SA:N/E:P,Network,Low,Low,Passive,6.1,MEDIUM,2,1,2,2,2,MEMORY POISONING & PERSISTENCE ATTACKS,2026-04-10T11:11:40.214414,
150,gog,gog.md,gog.md,meta-llama/Meta-Llama-3.1-70B-Instruct,meta-llama_Meta-Llama-3.1-70B-Instruct,MEDIUM,True,5,1.2,Low,CVSS:4.0/AV:N/AC:L/AT:P/PR:L/UI:P/VC:L/VI:L/VA:N/SC:L/SI:L/SA:N/E:P,Network,Low,Low,Passive,5.9,MEDIUM,2,2,2,1,2,COMMAND/SHELL INJECTION,2026-04-10T11:32:22.502638,
151,FreeRide,free-ride.md,free-ride.md,meta-llama/Meta-Llama-3.1-70B-Instruct,meta-llama_Meta-Llama-3.1-70B-Instruct,MEDIUM,True,5,1.2,Low,CVSS:4.0/AV:N/AC:L/AT:P/PR:L/UI:P/VC:L/VI:L/VA:N/SC:L/SI:L/SA:N/E:P,Network,Low,Low,Passive,5.4,MEDIUM,2,1,2,1,2,COMMAND/SHELL INJECTION,2026-04-10T11:59:53.625007,
152,obsidian,obsidian.md,obsidian.md,meta-llama/Meta-Llama-3.1-70B-Instruct,meta-llama_Meta-Llama-3.1-70B-Instruct,MEDIUM,True,3,1.2,Low,CVSS:4.0/AV:N/AC:L/AT:P/PR:L/UI:P/VC:L/VI:L/VA:N/SC:L/SI:L/SA:N/E:P,Network,Low,Low,Passive,5.4,MEDIUM,2,1,2,1,2,COMMAND/SHELL INJECTION,2026-04-10T12:16:42.899038,
153,clawddocs,clawddocs.md,clawddocs.md,meta-llama/Meta-Llama-3.1-70B-Instruct,meta-llama_Meta-Llama-3.1-70B-Instruct,MEDIUM,True,5,1.2,Low,CVSS:4.0/AV:N/AC:L/AT:P/PR:L/UI:P/VC:L/VI:L/VA:N/SC:L/SI:L/SA:N/E:P,Network,Low,Low,Passive,6.1,MEDIUM,2,1,2,2,2,COMMAND/SHELL INJECTION,2026-04-10T12:24:11.610833,
154,youtube-watcher,youtube-watcher.md,youtube-watcher.md,meta-llama/Meta-Llama-3.1-70B-Instruct,meta-llama_Meta-Llama-3.1-70B-Instruct,MEDIUM,True,3,1.2,Low,CVSS:4.0/AV:N/AC:L/AT:P/PR:L/UI:P/VC:L/VI:L/VA:N/SC:L/SI:L/SA:N/E:P,Network,Low,Low,Passive,4.1,MEDIUM,2,1,1,1,1,COMMAND/SHELL INJECTION,2026-04-10T12:33:29.832221,
155,automation-workflows,automation-workflows.md,automation-workflows.md,meta-llama/Meta-Llama-3.1-70B-Instruct,meta-llama_Meta-Llama-3.1-70B-Instruct,MEDIUM,True,5,1.2,Low,CVSS:4.0/AV:N/AC:L/AT:P/PR:L/UI:P/VC:L/VI:L/VA:N/SC:L/SI:L/SA:N/E:P,Network,Low,Low,Passive,6.1,MEDIUM,2,1,2,2,2,UNSAFE FILE OPERATIONS,2026-04-10T12:37:34.640133,
156,Word / DOCX,word-docx.md,word-docx.md,meta-llama/Meta-Llama-3.1-70B-Instruct,meta-llama_Meta-Llama-3.1-70B-Instruct,MEDIUM,True,7,1.2,Low,CVSS:4.0/AV:N/AC:L/AT:P/PR:L/UI:P/VC:L/VI:L/VA:N/SC:L/SI:L/SA:N/E:P,Network,Low,Low,Passive,5.9,MEDIUM,2,2,2,1,2,UNSAFE FILE OPERATIONS,2026-04-10T12:44:33.800017,
157,notion,notion.md,notion.md,meta-llama/Meta-Llama-3.1-70B-Instruct,meta-llama_Meta-Llama-3.1-70B-Instruct,MEDIUM,True,3,1.2,Low,CVSS:4.0/AV:N/AC:L/AT:P/PR:L/UI:P/VC:L/VI:L/VA:N/SC:L/SI:L/SA:N/E:P,Network,Low,Low,Passive,5.4,MEDIUM,2,1,2,1,2,COMMAND/SHELL INJECTION,2026-04-10T12:47:16.544070,
158,clawdhub,clawdhub.md,clawdhub.md,meta-llama/Meta-Llama-3.1-70B-Instruct,meta-llama_Meta-Llama-3.1-70B-Instruct,MEDIUM,True,5,1.2,Low,CVSS:4.0/AV:N/AC:L/AT:P/PR:L/UI:P/VC:L/VI:L/VA:N/SC:L/SI:L/SA:N/E:P,Network,Low,Low,Passive,5.4,MEDIUM,2,1,2,1,2,COMMAND/SHELL INJECTION,2026-04-10T12:50:43.306976,
159,baidu-search,baidu-search.md,baidu-search.md,meta-llama/Meta-Llama-3.1-70B-Instruct,meta-llama_Meta-Llama-3.1-70B-Instruct,LOW,False,0,1.2,Low,CVSS:4.0/AV:N/AC:L/AT:N/PR:L/UI:P/VC:L/VI:L/VA:N/SC:L/SI:L/SA:N/E:U,Network,Low,Low,Passive,2.0,LOW,1,1,0,0,1,,2026-04-10T13:04:16.522922,
160,excel-xlsx,excel-xlsx.md,excel-xlsx.md,meta-llama/Meta-Llama-3.1-70B-Instruct,meta-llama_Meta-Llama-3.1-70B-Instruct,MEDIUM,True,5,1.2,Low,CVSS:4.0/AV:N/AC:L/AT:P/PR:L/UI:P/VC:L/VI:L/VA:N/SC:L/SI:L/SA:N/E:P,Network,Low,Low,Passive,5.9,MEDIUM,2,2,2,1,2,UNSAFE FILE OPERATIONS,2026-04-10T13:14:18.919064,
161,brave-search,brave-search.md,brave-search.md,meta-llama/Meta-Llama-3.1-70B-Instruct,meta-llama_Meta-Llama-3.1-70B-Instruct,MEDIUM,True,3,1.2,Low,CVSS:4.0/AV:N/AC:L/AT:P/PR:L/UI:P/VC:L/VI:L/VA:N/SC:L/SI:L/SA:N/E:P,Network,Low,Low,Passive,4.8,MEDIUM,2,1,1,1,2,Data Exfiltration,2026-04-10T13:16:51.406196,
162,stock-market-pro,stock-market-pro.md,stock-market-pro.md,meta-llama/Meta-Llama-3.1-70B-Instruct,meta-llama_Meta-Llama-3.1-70B-Instruct,MEDIUM,True,5,1.2,Low,CVSS:4.0/AV:N/AC:L/AT:P/PR:L/UI:P/VC:L/VI:L/VA:N/SC:L/SI:L/SA:N/E:P,Network,Low,Low,Passive,5.4,MEDIUM,2,1,2,1,2,COMMAND/SHELL INJECTION,2026-04-10T13:36:55.439949,
163,marketing-mode,marketing-mode.md,marketing-mode.md,meta-llama/Meta-Llama-3.1-70B-Instruct,meta-llama_Meta-Llama-3.1-70B-Instruct,MEDIUM,True,5,1.2,Low,CVSS:4.0/AV:N/AC:L/AT:P/PR:L/UI:P/VC:L/VI:L/VA:N/SC:L/SI:L/SA:N/E:P,Network,Low,Low,Passive,5.4,MEDIUM,2,1,2,1,2,UNSAFE FILE OPERATIONS,2026-04-10T13:48:55.300039,
164,slack,slack.md,slack.md,meta-llama/Meta-Llama-3.1-70B-Instruct,meta-llama_Meta-Llama-3.1-70B-Instruct,MEDIUM,True,5,1.2,Low,CVSS:4.0/AV:N/AC:L/AT:P/PR:L/UI:P/VC:L/VI:L/VA:N/SC:L/SI:L/SA:N/E:P,Network,Low,Low,Passive,5.4,MEDIUM,2,1,2,1,2,COMMAND/SHELL INJECTION,2026-04-10T14:02:47.933882,
165,memory-setup,memory-setup.md,memory-setup.md,meta-llama/Meta-Llama-3.1-70B-Instruct,meta-llama_Meta-Llama-3.1-70B-Instruct,MEDIUM,True,5,1.2,Low,CVSS:4.0/AV:N/AC:L/AT:P/PR:L/UI:P/VC:L/VI:L/VA:N/SC:L/SI:L/SA:N/E:P,Network,Low,Low,Passive,6.1,MEDIUM,2,1,2,2,2,MEMORY POISONING & PERSISTENCE ATTACKS,2026-04-10T14:05:46.545648,
166,skill-finder-cn,skill-finder-cn.md,skill-finder-cn.md,meta-llama/Meta-Llama-3.1-70B-Instruct,meta-llama_Meta-Llama-3.1-70B-Instruct,MEDIUM,True,5,1.2,Low,CVSS:4.0/AV:N/AC:L/AT:P/PR:L/UI:P/VC:L/VI:L/VA:N/SC:L/SI:L/SA:N/E:P,Network,Low,Low,Passive,4.8,MEDIUM,2,1,1,1,2,COMMAND/SHELL INJECTION,2026-04-10T14:58:08.804806,
167,tavily-search,liang-tavily-search.md,liang-tavily-search.md,meta-llama/Meta-Llama-3.1-70B-Instruct,meta-llama_Meta-Llama-3.1-70B-Instruct,MEDIUM,True,3,1.2,Low,CVSS:4.0/AV:N/AC:L/AT:P/PR:L/UI:P/VC:L/VI:L/VA:N/SC:L/SI:L/SA:N/E:P,Network,Low,Low,Passive,4.8,MEDIUM,2,1,1,1,2,DEPENDENCY / SUPPLY CHAIN ATTACKS,2026-04-10T15:09:44.610514,
168,playwright,playwright.md,playwright.md,meta-llama/Meta-Llama-3.1-70B-Instruct,meta-llama_Meta-Llama-3.1-70B-Instruct,MEDIUM,True,5,1.2,Low,CVSS:4.0/AV:N/AC:L/AT:P/PR:L/UI:P/VC:L/VI:L/VA:N/SC:L/SI:L/SA:N/E:P,Network,Low,Low,Passive,5.4,MEDIUM,2,1,2,1,2,COMMAND/SHELL INJECTION,2026-04-10T15:13:24.420422,
169,stock-watcher,stock-watcher.md,stock-watcher.md,meta-llama/Meta-Llama-3.1-70B-Instruct,meta-llama_Meta-Llama-3.1-70B-Instruct,MEDIUM,True,5,1.2,Low,CVSS:4.0/AV:N/AC:L/AT:P/PR:L/UI:P/VC:L/VI:L/VA:N/SC:L/SI:L/SA:N/E:P,Network,Low,Low,Passive,5.4,MEDIUM,2,1,2,1,2,UNSAFE FILE OPERATIONS,2026-04-10T15:20:16.730831,
170,video-transcript-downloader,video-transcript-downloader.md,video-transcript-downloader.md,meta-llama/Meta-Llama-3.1-70B-Instruct,meta-llama_Meta-Llama-3.1-70B-Instruct,MEDIUM,True,5,1.2,Low,CVSS:4.0/AV:N/AC:L/AT:P/PR:L/UI:P/VC:L/VI:L/VA:N/SC:L/SI:L/SA:N/E:P,Network,Low,Low,Passive,5.4,MEDIUM,2,1,2,1,2,COMMAND/SHELL INJECTION,2026-04-10T15:34:21.134864,
171,opencode-controller,opencode-controller.md,opencode-controller.md,meta-llama/Meta-Llama-3.1-70B-Instruct,meta-llama_Meta-Llama-3.1-70B-Instruct,MEDIUM,True,5,1.2,Low,CVSS:4.0/AV:N/AC:L/AT:P/PR:L/UI:P/VC:L/VI:L/VA:N/SC:L/SI:L/SA:N/E:P,Network,Low,Low,Passive,5.4,MEDIUM,2,1,2,1,2,Prompt Injection Susceptibility,2026-04-10T15:37:38.937898,
172,mx_macro_data,mx-macro-data.md,mx-macro-data.md,meta-llama/Meta-Llama-3.1-70B-Instruct,meta-llama_Meta-Llama-3.1-70B-Instruct,MEDIUM,True,5,1.2,Low,CVSS:4.0/AV:N/AC:L/AT:P/PR:L/UI:P/VC:L/VI:L/VA:N/SC:L/SI:L/SA:N/E:P,Network,Low,Low,Passive,6.7,MEDIUM,2,2,2,2,2,UNSAFE FILE OPERATIONS,2026-04-10T16:01:35.039836,
173,exa-web-search-free,exa-web-search-free.md,exa-web-search-free.md,meta-llama/Meta-Llama-3.1-70B-Instruct,meta-llama_Meta-Llama-3.1-70B-Instruct,MEDIUM,True,5,1.2,Low,CVSS:4.0/AV:N/AC:L/AT:P/PR:L/UI:P/VC:L/VI:L/VA:N/SC:L/SI:L/SA:N/E:P,Network,Low,Low,Passive,5.6,MEDIUM,2,1,1,2,2,INDIRECT / EMBEDDED INJECTION,2026-04-10T16:07:52.601904,
174,x-search,x-search.md,x-search.md,meta-llama/Meta-Llama-3.1-70B-Instruct,meta-llama_Meta-Llama-3.1-70B-Instruct,MEDIUM,True,3,1.2,Low,CVSS:4.0/AV:N/AC:L/AT:P/PR:L/UI:P/VC:L/VI:L/VA:N/SC:L/SI:L/SA:N/E:P,Network,Low,Low,Passive,4.8,MEDIUM,2,1,1,1,2,COMMAND/SHELL INJECTION,2026-04-10T16:13:45.315256,
175,deep-research-pro,deep-research-pro.md,deep-research-pro.md,meta-llama/Meta-Llama-3.1-70B-Instruct,meta-llama_Meta-Llama-3.1-70B-Instruct,MEDIUM,True,5,1.2,Low,CVSS:4.0/AV:N/AC:L/AT:P/PR:L/UI:P/VC:L/VI:L/VA:N/SC:L/SI:L/SA:N/E:P,Network,Low,Low,Passive,4.8,MEDIUM,2,1,1,1,2,COMMAND/SHELL INJECTION,2026-04-10T16:20:20.744939,
176,himalaya,himalaya.md,himalaya.md,meta-llama/Meta-Llama-3.1-70B-Instruct,meta-llama_Meta-Llama-3.1-70B-Instruct,MEDIUM,True,5,1.2,Low,CVSS:4.0/AV:N/AC:L/AT:P/PR:L/UI:P/VC:L/VI:L/VA:N/SC:L/SI:L/SA:N/E:P,Network,Low,Low,Passive,6.7,MEDIUM,2,2,2,2,2,COMMAND/SHELL INJECTION,2026-04-10T16:23:30.311173,
177,mx_finance_data,mx-finance-data.md,mx-finance-data.md,meta-llama/Meta-Llama-3.1-70B-Instruct,meta-llama_Meta-Llama-3.1-70B-Instruct,MEDIUM,True,5,1.2,Low,CVSS:4.0/AV:N/AC:L/AT:P/PR:L/UI:P/VC:L/VI:L/VA:N/SC:L/SI:L/SA:N/E:P,Network,Low,Low,Passive,6.7,MEDIUM,2,2,2,2,2,COMMAND/SHELL INJECTION,2026-04-10T16:28:15.718074,
178,github,github.md,github.md,mistralai/Mixtral-8x7B-Instruct-v0.1,mistralai_Mixtral-8x7B-Instruct-v0.1,MEDIUM,True,3,1.2,Low,CVSS:4.0/AV:N/AC:L/AT:N/PR:L/UI:P/VC:L/VI:L/VA:N/SC:L/SI:L/SA:N/E:U,Network,Low,Low,Passive,4.1,MEDIUM,2,1,1,1,1,UNSAFE FILE OPERATIONS,2026-04-10T20:52:03.322023,
179,browser-use,browser-use.md,browser-use.md,mistralai/Mixtral-8x7B-Instruct-v0.1,mistralai_Mixtral-8x7B-Instruct-v0.1,MEDIUM,True,3,1.2,Low,CVSS:4.0/AV:N/AC:L/AT:N/PR:L/UI:P/VC:L/VI:L/VA:N/SC:L/SI:L/SA:L/E:U,Network,Low,Low,Passive,4.8,MEDIUM,2,1,1,2,1,MEMORY POISONING & PERSISTENCE ATTACKS,2026-04-10T23:03:12.897878,
180,himalaya,himalaya.md,himalaya.md,mistralai/Mixtral-8x7B-Instruct-v0.1,mistralai_Mixtral-8x7B-Instruct-v0.1,MEDIUM,True,4,1.2,Low,CVSS:4.0/AV:N/AC:L/AT:N/PR:L/UI:P/VC:L/VI:L/VA:N/SC:L/SI:L/SA:L/E:U,Network,Low,Low,Passive,4.1,MEDIUM,2,1,1,1,1,UNSAFE FILE OPERATIONS,2026-04-10T23:36:05.999241,
181,multi-search-engine,multi-search-engine.md,multi-search-engine.md,meta-llama/Meta-Llama-3.1-70B-Instruct,meta-llama_Meta-Llama-3.1-70B-Instruct,MEDIUM,True,5,0.6,Low,CVSS:4.0/AV:N/AC:L/AT:P/PR:N/UI:P/VC:L/VI:L/VA:N/SC:L/SI:L/SA:N/E:U,Network,Low,None,Passive,5.6,MEDIUM,2,1,1,2,2,DATA EXFILTRATION,2026-04-10T11:47:47.720394,
182,trello,trello.md,trello.md,meta-llama/Meta-Llama-3.1-70B-Instruct,meta-llama_Meta-Llama-3.1-70B-Instruct,MEDIUM,True,3,0.6,Low,CVSS:4.0/AV:N/AC:L/AT:P/PR:L/UI:N/VC:L/VI:L/VA:N/SC:L/SI:L/SA:N/E:U,Network,Low,Low,None,5.9,MEDIUM,2,2,2,1,2,CREDENTIAL / SECRET EXPOSURE,2026-04-10T13:54:58.914391,
183,model-usage,model-usage.md,model-usage.md,meta-llama/Meta-Llama-3.1-70B-Instruct,meta-llama_Meta-Llama-3.1-70B-Instruct,MEDIUM,True,3,0.6,Low,CVSS:4.0/AV:N/AC:L/AT:P/PR:L/UI:N/VC:L/VI:L/VA:N/SC:L/SI:L/SA:N/E:U,Network,Low,Low,None,4.8,MEDIUM,2,1,1,1,2,COMMAND/SHELL INJECTION,2026-04-10T14:31:17.508357,
184,skill-vetter,skill-vetter.md,skill-vetter.md,mistralai/Mixtral-8x7B-Instruct-v0.1,mistralai_Mixtral-8x7B-Instruct-v0.1,MEDIUM,True,3,0.6,Low,CVSS:4.0/AV:N/AC:L/AT:P/PR:N/UI:P/VC:L/VI:L/VA:N/SC:L/SI:L/SA:N/E:U,Network,Low,None,Passive,4.1,MEDIUM,2,1,1,1,1,UNSAFE FILE OPERATIONS,2026-04-10T20:40:15.030712,
185,freeride,free-ride.md,free-ride.md,mistralai/Mixtral-8x7B-Instruct-v0.1,mistralai_Mixtral-8x7B-Instruct-v0.1,MEDIUM,True,3,0.6,Low,CVSS:4.0/AV:N/AC:L/AT:P/PR:N/UI:P/VC:L/VI:L/VA:N/SC:L/SI:L/SA:N/E:U,Network,Low,None,Passive,4.1,MEDIUM,2,1,1,1,1,PROMPT INJECTION SUSCEPTIBILITY,2026-04-10T20:55:40.135038,
186,nano-pdf,nano-pdf.md,nano-pdf.md,mistralai/Mixtral-8x7B-Instruct-v0.1,mistralai_Mixtral-8x7B-Instruct-v0.1,MEDIUM,True,2,0.6,Low,CVSS:4.0/AV:N/AC:L/AT:P/PR:N/UI:P/VC:N/VI:L/VA:N/SC:N/SI:L/SA:N/E:U,Network,Low,None,Passive,4.1,MEDIUM,2,1,1,1,1,PROMPT INJECTION SUSCEPTIBILITY,2026-04-10T21:20:00.005870,
187,mcporter,mcporter.md,mcporter.md,mistralai/Mixtral-8x7B-Instruct-v0.1,mistralai_Mixtral-8x7B-Instruct-v0.1,MEDIUM,True,3,0.6,Low,CVSS:4.0/AV:N/AC:L/AT:P/PR:N/UI:P/VC:L/VI:L/VA:N/SC:L/SI:L/SA:L/E:U,Network,Low,None,Passive,4.1,MEDIUM,2,1,1,1,1,PROMPT INJECTION SUSCEPTIBILITY,2026-04-10T21:36:17.324749,
188,ui-ux-pro-max,ui-ux-pro-max.md,ui-ux-pro-max.md,mistralai/Mixtral-8x7B-Instruct-v0.1,mistralai_Mixtral-8x7B-Instruct-v0.1,MEDIUM,True,3,0.6,Low,CVSS:4.0/AV:N/AC:L/AT:P/PR:N/UI:P/VC:L/VI:L/VA:N/SC:L/SI:L/SA:N/E:U,Network,Low,None,Passive,4.1,MEDIUM,2,1,1,1,1,PROMPT INJECTION SUSCEPTIBILITY,2026-04-10T22:04:39.205947,
189,moltguard,moltguard.md,moltguard.md,mistralai/Mixtral-8x7B-Instruct-v0.1,mistralai_Mixtral-8x7B-Instruct-v0.1,MEDIUM,True,2,0.6,Low,CVSS:4.0/AV:N/AC:L/AT:P/PR:N/UI:P/VC:L/VI:L/VA:N/SC:N/SI:L/SA:N/E:U,Network,Low,None,Passive,3.3,LOW,1,1,1,1,1,PROMPT INJECTION SUSCEPTIBILITY,2026-04-10T22:41:06.212186,
190,model-usage,model-usage.md,model-usage.md,mistralai/Mixtral-8x7B-Instruct-v0.1,mistralai_Mixtral-8x7B-Instruct-v0.1,MEDIUM,True,2,0.6,Low,CVSS:4.0/AV:N/AC:L/AT:P/PR:N/UI:P/VC:L/VI:L/VA:N/SC:L/SI:L/SA:N/E:U,Network,Low,None,Passive,4.1,MEDIUM,2,1,1,1,1,PROMPT INJECTION SUSCEPTIBILITY,2026-04-10T22:43:37.604590,
191,skill-finder-cn,skill-finder-cn.md,skill-finder-cn.md,mistralai/Mixtral-8x7B-Instruct-v0.1,mistralai_Mixtral-8x7B-Instruct-v0.1,MEDIUM,True,2,0.6,Low,CVSS:4.0/AV:N/AC:L/AT:P/PR:N/UI:P/VC:L/VI:L/VA:N/SC:L/SI:L/SA:N/E:U,Network,Low,None,Passive,4.1,MEDIUM,2,1,1,1,1,PROMPT INJECTION SUSCEPTIBILITY,2026-04-10T22:59:21.213596,
192,stock-watcher,stock-watcher.md,stock-watcher.md,mistralai/Mixtral-8x7B-Instruct-v0.1,mistralai_Mixtral-8x7B-Instruct-v0.1,MEDIUM,True,3,0.6,Low,CVSS:4.0/AV:N/AC:L/AT:P/PR:N/UI:P/VC:L/VI:L/VA:N/SC:L/SI:L/SA:N/E:U,Network,Low,None,Passive,4.1,MEDIUM,2,1,1,1,1,UNSAFE FILE OPERATIONS,2026-04-10T23:08:49.525269,
193,gmail,gmail.md,gmail.md,mistralai/Mixtral-8x7B-Instruct-v0.1,mistralai_Mixtral-8x7B-Instruct-v0.1,MEDIUM,True,2,0.6,Low,CVSS:4.0/AV:N/AC:L/AT:P/PR:N/UI:P/VC:N/VI:L/VA:N/SC:L/SI:L/SA:L/E:U,Network,Low,None,Passive,4.1,MEDIUM,2,1,1,1,1,PROMPT INJECTION SUSCEPTIBILITY,2026-04-10T23:23:58.739062,
194,multi-search-engine,multi-search-engine.md,multi-search-engine.md,Qwen/Qwen2.5-32B-Instruct,Qwen_Qwen2.5-32B-Instruct,MEDIUM,True,3,0.5,Low,CVSS:4.0/AV:N/AC:L/AT:P/PR:L/UI:P/VC:L/VI:L/VA:N/SC:L/SI:L/SA:N/E:U,Network,Low,Low,Passive,4.8,MEDIUM,2,1,1,1,2,DATA EXFILTRATION,2026-04-10T00:16:23.430183,
195,youtube-watcher,youtube-watcher.md,youtube-watcher.md,Qwen/Qwen2.5-32B-Instruct,Qwen_Qwen2.5-32B-Instruct,MEDIUM,True,3,0.5,Low,CVSS:4.0/AV:N/AC:L/AT:P/PR:L/UI:P/VC:L/VI:L/VA:L/SC:L/SI:L/SA:L/E:U,Network,Low,Low,Passive,4.8,MEDIUM,2,1,1,1,2,REMOTE CODE EXECUTION / DYNAMIC CODE,2026-04-10T01:07:46.026373,
196,tavily-search,openclaw-tavily-search.md,openclaw-tavily-search.md,Qwen/Qwen2.5-32B-Instruct,Qwen_Qwen2.5-32B-Instruct,MEDIUM,True,3,0.5,Low,CVSS:4.0/AV:N/AC:L/AT:P/PR:L/UI:P/VC:L/VI:L/VA:L/SC:L/SI:L/SA:L/E:U,Network,Low,Low,Passive,4.8,MEDIUM,2,1,1,1,2,CREDENTIAL / SECRET EXPOSURE,2026-04-10T01:25:02.517939,
197,brave-search,brave-search.md,brave-search.md,Qwen/Qwen2.5-32B-Instruct,Qwen_Qwen2.5-32B-Instruct,MEDIUM,True,2,0.5,Low,CVSS:4.0/AV:N/AC:L/AT:P/PR:L/UI:P/VC:L/VI:L/VA:L/SC:L/SI:L/SA:L/E:U,Network,Low,Low,Passive,4.1,MEDIUM,2,1,1,1,1,CREDENTIAL / SECRET EXPOSURE,2026-04-10T01:33:42.009895,
198,markdown-converter,markdown-converter.md,markdown-converter.md,Qwen/Qwen2.5-32B-Instruct,Qwen_Qwen2.5-32B-Instruct,MEDIUM,True,3,0.5,Low,CVSS:4.0/AV:N/AC:L/AT:P/PR:L/UI:P/VC:L/VI:L/VA:L/SC:L/SI:L/SA:L/E:U,Network,Low,Low,Passive,4.8,MEDIUM,2,1,1,1,2,UNSAFE FILE OPERATIONS,2026-04-10T01:42:35.204558,
199,stock-market-pro,stock-market-pro.md,stock-market-pro.md,Qwen/Qwen2.5-32B-Instruct,Qwen_Qwen2.5-32B-Instruct,MEDIUM,True,3,0.5,Low,CVSS:4.0/AV:N/AC:L/AT:P/PR:L/UI:P/VC:L/VI:L/VA:N/SC:L/SI:L/SA:N/E:U,Network,Low,Low,Passive,4.8,MEDIUM,2,1,1,1,2,REMOTE CODE EXECUTION / DYNAMIC CODE,2026-04-10T01:47:03.098145,
200,youtube,youtube-api-skill.md,youtube-api-skill.md,Qwen/Qwen2.5-32B-Instruct,Qwen_Qwen2.5-32B-Instruct,MEDIUM,True,3,0.5,Low,CVSS:4.0/AV:N/AC:L/AT:P/PR:L/UI:P/VC:L/VI:L/VA:N/SC:L/SI:L/SA:N/E:U,Network,Low,Low,Passive,5.4,MEDIUM,2,1,2,1,2,COMMAND/SHELL INJECTION,2026-04-10T01:55:03.838848,
201,news-summary,news-summary.md,news-summary.md,Qwen/Qwen2.5-32B-Instruct,Qwen_Qwen2.5-32B-Instruct,MEDIUM,True,3,0.5,Low,CVSS:4.0/AV:N/AC:L/AT:P/PR:L/UI:P/VC:L/VI:L/VA:N/SC:L/SI:L/SA:N/E:U,Network,Low,Low,Passive,4.8,MEDIUM,2,1,1,1,2,COMMAND/SHELL INJECTION,2026-04-10T02:16:26.827753,
202,model-usage,model-usage.md,model-usage.md,Qwen/Qwen2.5-32B-Instruct,Qwen_Qwen2.5-32B-Instruct,MEDIUM,True,3,0.5,Low,CVSS:4.0/AV:N/AC:L/AT:P/PR:L/UI:P/VC:L/VI:L/VA:L/SC:L/SI:L/SA:L/E:U,Network,Low,Low,Passive,4.8,MEDIUM,2,1,1,1,2,UNSAFE FILE OPERATIONS,2026-04-10T02:20:19.842398,
203,video-frames,video-frames.md,video-frames.md,Qwen/Qwen2.5-32B-Instruct,Qwen_Qwen2.5-32B-Instruct,MEDIUM,True,2,0.5,Low,CVSS:4.0/AV:N/AC:L/AT:P/PR:L/UI:P/VC:N/VI:L/VA:L/SC:L/SI:L/SA:L/E:U,Network,Low,Low,Passive,4.1,MEDIUM,2,1,1,1,1,UNSAFE FILE OPERATIONS,2026-04-10T02:21:52.302464,
204,web-search-plus,web-search-plus.md,web-search-plus.md,Qwen/Qwen2.5-32B-Instruct,Qwen_Qwen2.5-32B-Instruct,MEDIUM,True,3,0.5,Low,CVSS:4.0/AV:N/AC:L/AT:P/PR:L/UI:P/VC:L/VI:L/VA:N/SC:L/SI:L/SA:N/E:U,Network,Low,Low,Passive,4.8,MEDIUM,2,1,1,1,2,PROMPT INJECTION SUSCEPTIBILITY,2026-04-10T02:26:44.833118,
205,tavily-search,liang-tavily-search.md,liang-tavily-search.md,Qwen/Qwen2.5-32B-Instruct,Qwen_Qwen2.5-32B-Instruct,MEDIUM,True,3,0.5,Low,CVSS:4.0/AV:N/AC:L/AT:P/PR:L/UI:P/VC:L/VI:L/VA:N/SC:L/SI:L/SA:N/E:U,Network,Low,Low,Passive,4.8,MEDIUM,2,1,1,1,2,COMMAND/SHELL INJECTION,2026-04-10T02:43:38.218709,
206,video-transcript-downloader,video-transcript-downloader.md,video-transcript-downloader.md,Qwen/Qwen2.5-32B-Instruct,Qwen_Qwen2.5-32B-Instruct,MEDIUM,True,3,0.5,Low,CVSS:4.0/AV:N/AC:L/AT:P/PR:L/UI:P/VC:L/VI:L/VA:L/SC:L/SI:L/SA:L/E:U,Network,Low,Low,Passive,4.8,MEDIUM,2,1,1,1,2,UNSAFE FILE OPERATIONS,2026-04-10T02:57:08.425813,
207,exa-web-search-free,exa-web-search-free.md,exa-web-search-free.md,Qwen/Qwen2.5-32B-Instruct,Qwen_Qwen2.5-32B-Instruct,MEDIUM,True,3,0.5,Low,CVSS:4.0/AV:N/AC:L/AT:P/PR:L/UI:P/VC:L/VI:L/VA:N/SC:L/SI:L/SA:N/E:U,Network,Low,Low,Passive,4.8,MEDIUM,2,1,1,1,2,PROMPT INJECTION SUSCEPTIBILITY,2026-04-10T03:18:08.715870,
208,x-search,x-search.md,x-search.md,Qwen/Qwen2.5-32B-Instruct,Qwen_Qwen2.5-32B-Instruct,MEDIUM,True,3,0.5,Low,CVSS:4.0/AV:N/AC:L/AT:P/PR:L/UI:P/VC:L/VI:L/VA:N/SC:L/SI:L/SA:N/E:U,Network,Low,Low,Passive,4.8,MEDIUM,2,1,1,1,2,COMMAND/SHELL INJECTION,2026-04-10T03:21:55.108724,
209,deep-research-pro,deep-research-pro.md,deep-research-pro.md,Qwen/Qwen2.5-32B-Instruct,Qwen_Qwen2.5-32B-Instruct,MEDIUM,True,4,0.5,Low,CVSS:4.0/AV:N/AC:L/AT:P/PR:L/UI:P/VC:L/VI:L/VA:L/SC:L/SI:L/SA:L/E:U,Network,Low,Low,Passive,4.8,MEDIUM,2,1,1,1,2,COMMAND/SHELL INJECTION,2026-04-10T03:26:09.105915,
210,proactive-agent,proactive-agent.md,proactive-agent.md,mistralai/Mixtral-8x7B-Instruct-v0.1,mistralai_Mixtral-8x7B-Instruct-v0.1,MEDIUM,True,3,0.5,Low,CVSS:4.0/AV:N/AC:L/AT:P/PR:L/UI:P/VC:L/VI:L/VA:L/SC:L/SI:L/SA:L/E:U,Network,Low,Low,Passive,6.1,MEDIUM,2,2,1,2,2,INSECURE DESERIALIZATION,2026-04-10T20:45:49.124399,
211,marketing-mode,marketing-mode.md,marketing-mode.md,mistralai/Mixtral-8x7B-Instruct-v0.1,mistralai_Mixtral-8x7B-Instruct-v0.1,MEDIUM,True,3,0.5,Low,CVSS:4.0/AV:N/AC:L/AT:P/PR:L/UI:P/VC:L/VI:L/VA:L/SC:N/SI:N/SA:N/E:U,Network,Low,Low,Passive,4.8,MEDIUM,2,1,1,2,1,UNSAFE FILE OPERATIONS,2026-04-10T21:56:15.435530,
212,opencode-controller,opencode-controller.md,opencode-controller.md,mistralai/Mixtral-8x7B-Instruct-v0.1,mistralai_Mixtral-8x7B-Instruct-v0.1,MEDIUM,True,3,0.5,Low,CVSS:4.0/AV:N/AC:L/AT:P/PR:L/UI:P/VC:L/VI:L/VA:N/SC:L/SI:L/SA:N/E:U,Network,Low,Low,Passive,4.1,MEDIUM,2,1,1,1,1,PROMPT INJECTION SUSCEPTIBILITY,2026-04-10T23:16:33.313830,
213,ai-business-search,ai-business-search.md,ai-business-search.md,meta-llama/Meta-Llama-3.1-70B-Instruct,meta-llama_Meta-Llama-3.1-70B-Instruct,MEDIUM,True,5,0.4,Low,CVSS:4.0/AV:N/AC:L/AT:P/PR:L/UI:A/VC:L/VI:L/VA:N/SC:L/SI:L/SA:N/E:U,Network,Low,Low,Active,5.4,MEDIUM,2,1,2,1,2,UNSAFE FILE OPERATIONS,2026-04-10T15:51:15.028211,
214,skill-vetter,skill-vetter,skill-vetter,Qwen/Qwen2.5-32B-Instruct,Qwen_Qwen2.5-32B-Instruct,LOW,False,0,0.0,None,CVSS:4.0/AV:N/AC:L/AT:P/PR:H/UI:A/VC:N/VI:N/VA:N/SC:N/SI:N/SA:N,Network,Low,High,Active,0.7,LOW,0,0,0,0,1,,2026-04-09T22:49:02.415749,
215,skill-vetter,skill-vetter,skill-vetter,meta-llama/Meta-Llama-3.1-70B-Instruct,meta-llama_Meta-Llama-3.1-70B-Instruct,LOW,False,0,0.0,None,CVSS:4.0/AV:N/AC:L/AT:N/PR:N/UI:N/VC:N/VI:N/VA:N/SC:N/SI:N/SA:N,Network,Low,None,None,0.0,NONE,0,0,0,0,0,,2026-04-09T23:45:57.332540,
216,skill-vetter,skill-vetter.md,skill-vetter.md,Qwen/Qwen2.5-32B-Instruct,Qwen_Qwen2.5-32B-Instruct,LOW,False,0,0.0,None,CVSS:4.0/AV:N/AC:L/AT:P/PR:H/UI:A/VC:N/VI:N/VA:N/SC:N/SI:N/SA:N/E:U,Network,Low,High,Active,0.7,LOW,0,0,0,0,1,,2026-04-10T00:08:04.214872,
217,humanizer,humanizer.md,humanizer.md,Qwen/Qwen2.5-32B-Instruct,Qwen_Qwen2.5-32B-Instruct,LOW,False,0,0.0,None,CVSS:4.0/AV:N/AC:L/AT:P/PR:H/UI:A/VC:N/VI:N/VA:N/SC:N/SI:N/SA:N,Network,Low,High,Active,1.5,LOW,1,0,0,0,1,,2026-04-10T00:18:54.208359,
218,github,github.md,github.md,Qwen/Qwen2.5-32B-Instruct,Qwen_Qwen2.5-32B-Instruct,LOW,False,0,0.0,None,CVSS:4.0/AV:N/AC:L/AT:P/PR:H/UI:A/VC:N/VI:N/VA:N/SC:N/SI:N/SA:N,Network,Low,High,Active,2.0,LOW,1,1,0,0,1,,2026-04-10T00:21:44.101506,
219,weather,weather.md,weather.md,Qwen/Qwen2.5-32B-Instruct,Qwen_Qwen2.5-32B-Instruct,LOW,False,0,0.0,None,CVSS:4.0/AV:N/AC:L/AT:P/PR:H/UI:A/VC:N/VI:N/VA:N/SC:N/SI:N/SA:N,Network,Low,High,Active,1.5,LOW,1,0,0,0,1,,2026-04-10T00:39:06.804379,
220,clawddocs,clawddocs.md,clawddocs.md,Qwen/Qwen2.5-32B-Instruct,Qwen_Qwen2.5-32B-Instruct,LOW,False,0,0.0,None,CVSS:4.0/AV:N/AC:L/AT:P/PR:H/UI:A/VC:N/VI:N/VA:N/SC:N/SI:N/SA:N,Network,Low,High,Active,1.5,LOW,1,0,0,0,1,,2026-04-10T01:02:52.108022,
221,openai-whisper,openai-whisper.md,openai-whisper.md,Qwen/Qwen2.5-32B-Instruct,Qwen_Qwen2.5-32B-Instruct,LOW,False,0,0.0,None,CVSS:4.0/AV:N/AC:L/AT:P/PR:H/UI:A/VC:N/VI:N/VA:N/SC:N/SI:N/SA:N,Network,Low,High,Active,1.5,LOW,1,0,0,0,1,,2026-04-10T01:04:06.739970,
222,automation-workflows,automation-workflows.md,automation-workflows.md,Qwen/Qwen2.5-32B-Instruct,Qwen_Qwen2.5-32B-Instruct,LOW,False,0,0.0,None,CVSS:4.0/AV:N/AC:L/AT:P/PR:H/UI:A/VC:N/VI:N/VA:N/SC:N/SI:N/SA:N/E:U,Network,Low,High,Active,3.3,LOW,1,1,1,1,1,,2026-04-10T01:09:34.535025,
223,skill-creator,skill-creator.md,skill-creator.md,Qwen/Qwen2.5-32B-Instruct,Qwen_Qwen2.5-32B-Instruct,LOW,False,0,0.0,None,CVSS:4.0/AV:N/AC:L/AT:P/PR:H/UI:A/VC:N/VI:N/VA:N/SC:N/SI:N/SA:N,Network,Low,High,Active,1.5,LOW,1,0,0,0,1,,2026-04-10T01:10:45.702587,
224,baidu-search,baidu-search.md,baidu-search.md,Qwen/Qwen2.5-32B-Instruct,Qwen_Qwen2.5-32B-Instruct,LOW,False,0,0.0,None,CVSS:4.0/AV:N/AC:L/AT:P/PR:H/UI:A/VC:N/VI:N/VA:N/SC:N/SI:N/SA:N,Network,Low,High,Active,1.5,LOW,1,0,0,0,1,,2026-04-10T01:26:22.617386,
225,excel-xlsx,excel-xlsx.md,excel-xlsx.md,Qwen/Qwen2.5-32B-Instruct,Qwen_Qwen2.5-32B-Instruct,LOW,False,0,0.0,None,CVSS:4.0/AV:N/AC:L/AT:P/PR:H/UI:A/VC:N/VI:N/VA:N/SC:N/SI:N/SA:N,Network,Low,High,Active,2.6,LOW,1,1,1,0,1,,2026-04-10T01:31:55.714558,
226,frontend-design,superdesign.md,superdesign.md,Qwen/Qwen2.5-32B-Instruct,Qwen_Qwen2.5-32B-Instruct,LOW,False,0,0.0,None,CVSS:4.0/AV:N/AC:L/AT:P/PR:H/UI:A/VC:N/VI:N/VA:N/SC:N/SI:N/SA:N,Network,Low,High,Active,0.7,LOW,0,0,0,0,1,,2026-04-10T01:43:48.743435,
227,answeroverflow,answeroverflow.md,answeroverflow.md,Qwen/Qwen2.5-32B-Instruct,Qwen_Qwen2.5-32B-Instruct,LOW,False,0,0.0,None,CVSS:4.0/AV:N/AC:L/AT:P/PR:H/UI:A/VC:N/VI:N/VA:N/SC:N/SI:N/SA:N,Network,Low,High,Active,1.5,LOW,1,0,0,0,1,,2026-04-10T01:45:04.133672,
228,marketing-mode,marketing-mode.md,marketing-mode.md,Qwen/Qwen2.5-32B-Instruct,Qwen_Qwen2.5-32B-Instruct,LOW,False,0,0.0,None,CVSS:4.0/AV:N/AC:L/AT:P/PR:H/UI:A/VC:N/VI:N/VA:N/SC:N/SI:N/SA:N,Network,Low,High,Active,1.5,LOW,1,0,0,0,1,,2026-04-10T01:53:03.538177,
229,n8n-workflow-automation,n8n-workflow-automation.md,n8n-workflow-automation.md,Qwen/Qwen2.5-32B-Instruct,Qwen_Qwen2.5-32B-Instruct,LOW,False,0,0.0,None,CVSS:4.0/AV:N/AC:L/AT:P/PR:H/UI:A/VC:N/VI:N/VA:N/SC:N/SI:N/SA:N/E:U,Network,Low,High,Active,1.5,LOW,1,0,0,0,1,,2026-04-10T02:12:32.604488,
230,marketing-skills,marketing-skills.md,marketing-skills.md,Qwen/Qwen2.5-32B-Instruct,Qwen_Qwen2.5-32B-Instruct,LOW,False,0,0.0,None,CVSS:4.0/AV:N/AC:L/AT:P/PR:H/UI:A/VC:N/VI:N/VA:N/SC:N/SI:N/SA:N,Network,Low,High,Active,1.5,LOW,1,0,0,0,1,,2026-04-10T02:23:03.008296,
231,powerpoint-pptx,powerpoint-pptx.md,powerpoint-pptx.md,Qwen/Qwen2.5-32B-Instruct,Qwen_Qwen2.5-32B-Instruct,LOW,False,0,0.0,None,CVSS:4.0/AV:N/AC:L/AT:P/PR:H/UI:A/VC:N/VI:N/VA:N/SC:N/SI:N/SA:N,Network,Low,High,Active,2.6,LOW,1,1,1,0,1,,2026-04-10T02:32:38.913766,
232,data-analysis,data-analysis.md,data-analysis.md,Qwen/Qwen2.5-32B-Instruct,Qwen_Qwen2.5-32B-Instruct,LOW,False,0,0.0,None,CVSS:4.0/AV:N/AC:L/AT:P/PR:H/UI:A/VC:N/VI:N/VA:N/SC:N/SI:N/SA:N,Network,Low,High,Active,2.0,LOW,1,1,0,0,1,,2026-04-10T02:39:57.425677,
233,market-research,market-research.md,market-research.md,Qwen/Qwen2.5-32B-Instruct,Qwen_Qwen2.5-32B-Instruct,LOW,False,0,0.0,None,CVSS:4.0/AV:N/AC:L/AT:P/PR:H/UI:A/VC:N/VI:N/VA:N/SC:N/SI:N/SA:N,Network,Low,High,Active,2.0,LOW,1,1,0,0,1,,2026-04-10T03:05:55.015839,
234,ai-business-search.md,ai-business-search.md,ai-business-search.md,Qwen/Qwen2.5-32B-Instruct,Qwen_Qwen2.5-32B-Instruct,LOW,False,0,0.0,None,CVSS:4.0/AV:N/AC:L/AT:P/PR:H/UI:A/VC:N/VI:N/VA:N/SC:N/SI:N/SA:N,Network,Low,High,Active,2.0,LOW,1,1,0,0,1,,2026-04-10T03:07:06.603599,
235,find-skills,find-skills-skill.md,find-skills-skill.md,Qwen/Qwen2.5-32B-Instruct,Qwen_Qwen2.5-32B-Instruct,LOW,False,0,0.0,None,CVSS:4.0/AV:N/AC:L/AT:P/PR:H/UI:A/VC:N/VI:N/VA:N/SC:N/SI:N/SA:N,Network,Low,High,Active,1.5,LOW,1,0,0,0,1,,2026-04-10T03:29:03.040997,
236,frontend-design-ultimate,frontend-design-ultimate.md,frontend-design-ultimate.md,Qwen/Qwen2.5-32B-Instruct,Qwen_Qwen2.5-32B-Instruct,LOW,False,0,0.0,None,CVSS:4.0/AV:N/AC:L/AT:P/PR:H/UI:A/VC:N/VI:N/VA:N/SC:N/SI:N/SA:N/E:U,Network,Low,High,Active,1.5,LOW,1,0,0,0,1,,2026-04-10T03:32:06.440618,
237,skill-vetter,skill-vetter.md,skill-vetter.md,meta-llama/Meta-Llama-3.1-70B-Instruct,meta-llama_Meta-Llama-3.1-70B-Instruct,LOW,False,0,0.0,None,CVSS:4.0/AV:N/AC:L/AT:N/PR:N/UI:N/VC:N/VI:N/VA:N/SC:N/SI:N/SA:N,Network,Low,None,None,0.0,NONE,0,0,0,0,0,,2026-04-10T11:21:31.909763,
238,humanizer,humanizer.md,humanizer.md,meta-llama/Meta-Llama-3.1-70B-Instruct,meta-llama_Meta-Llama-3.1-70B-Instruct,LOW,False,0,0.0,None,CVSS:4.0/AV:N/AC:L/AT:N/PR:N/UI:N/VC:N/VI:N/VA:N/SC:N/SI:N/SA:N,Network,Low,None,None,0.0,NONE,0,0,0,0,0,,2026-04-10T11:49:58.139194,
239,weather,weather.md,weather.md,meta-llama/Meta-Llama-3.1-70B-Instruct,meta-llama_Meta-Llama-3.1-70B-Instruct,LOW,False,0,0.0,None,CVSS:4.0/AV:N/AC:L/AT:N/PR:N/UI:N/VC:N/VI:N/VA:N/SC:N/SI:N/SA:N,Network,Low,None,None,0.0,NONE,0,0,0,0,0,,2026-04-10T12:05:00.515315,
240,openai-whisper,openai-whisper.md,openai-whisper.md,meta-llama/Meta-Llama-3.1-70B-Instruct,meta-llama_Meta-Llama-3.1-70B-Instruct,LOW,False,0,0.0,None,CVSS:4.0/AV:N/AC:L/AT:N/PR:N/UI:N/VC:N/VI:N/VA:N/SC:N/SI:N/SA:N,Network,Low,None,None,0.0,NONE,0,0,0,0,0,,2026-04-10T12:26:18.999215,
241,skill-creator,skill-creator.md,skill-creator.md,meta-llama/Meta-Llama-3.1-70B-Instruct,meta-llama_Meta-Llama-3.1-70B-Instruct,LOW,False,0,0.0,None,CVSS:4.0/AV:N/AC:L/AT:N/PR:N/UI:N/VC:N/VI:N/VA:N/SC:N/SI:N/SA:N,Network,Low,None,None,0.0,NONE,0,0,0,0,0,,2026-04-10T12:39:52.209111,
242,frontend-design,superdesign.md,superdesign.md,meta-llama/Meta-Llama-3.1-70B-Instruct,meta-llama_Meta-Llama-3.1-70B-Instruct,LOW,False,0,0.0,None,CVSS:4.0/AV:N/AC:L/AT:N/PR:N/UI:N/VC:N/VI:N/VA:N/SC:N/SI:N/SA:N,Network,Low,None,None,0.0,NONE,0,0,0,0,0,,2026-04-10T13:31:18.499808,
243,ui-ux-pro-max,ui-ux-pro-max.md,ui-ux-pro-max.md,meta-llama/Meta-Llama-3.1-70B-Instruct,meta-llama_Meta-Llama-3.1-70B-Instruct,LOW,False,0,0.0,None,CVSS:4.0/AV:N/AC:L/AT:N/PR:N/UI:N/VC:N/VI:N/VA:N/SC:N/SI:N/SA:N,Network,Low,None,None,0.0,NONE,0,0,0,0,0,,2026-04-10T13:56:39.299307,
244,news-summary,news-summary.md,news-summary.md,meta-llama/Meta-Llama-3.1-70B-Instruct,meta-llama_Meta-Llama-3.1-70B-Instruct,LOW,False,0,0.0,None,CVSS:4.0/AV:N/AC:L/AT:N/PR:N/UI:N/VC:N/VI:N/VA:N/SC:N/SI:N/SA:N,Network,Low,None,None,1.3,LOW,0,1,0,0,1,,2026-04-10T14:26:54.620516,
245,moltguard,moltguard.md,moltguard.md,meta-llama/Meta-Llama-3.1-70B-Instruct,meta-llama_Meta-Llama-3.1-70B-Instruct,LOW,False,0,0.0,None,CVSS:4.0/AV:N/AC:L/AT:N/PR:N/UI:N/VC:N/VI:N/VA:N/SC:N/SI:N/SA:N,Network,Low,None,None,0.0,NONE,0,0,0,0,0,,2026-04-10T14:28:43.722365,
246,video-frames,video-frames.md,video-frames.md,meta-llama/Meta-Llama-3.1-70B-Instruct,meta-llama_Meta-Llama-3.1-70B-Instruct,LOW,False,0,0.0,None,CVSS:4.0/AV:N/AC:L/AT:N/PR:N/UI:N/VC:N/VI:N/VA:N/SC:N/SI:N/SA:N,Network,Low,None,None,0.6,LOW,0,0,1,0,0,,2026-04-10T14:32:57.302995,
247,marketing-skills,marketing-skills.md,marketing-skills.md,meta-llama/Meta-Llama-3.1-70B-Instruct,meta-llama_Meta-Llama-3.1-70B-Instruct,LOW,False,0,0.0,None,CVSS:4.0/AV:N/AC:L/AT:N/PR:N/UI:N/VC:N/VI:N/VA:N/SC:N/SI:N/SA:N,Network,Low,None,None,0.0,NONE,0,0,0,0,0,,2026-04-10T14:34:33.300515,
248,qmd,qmd.md,qmd.md,meta-llama/Meta-Llama-3.1-70B-Instruct,meta-llama_Meta-Llama-3.1-70B-Instruct,LOW,False,0,0.0,None,CVSS:4.0/AV:N/AC:L/AT:N/PR:N/UI:N/VC:N/VI:N/VA:N/SC:N/SI:N/SA:N,Network,Low,None,None,0.0,NONE,0,0,0,0,0,,2026-04-10T14:36:00.302981,
249,web-search-plus,web-search-plus.md,web-search-plus.md,meta-llama/Meta-Llama-3.1-70B-Instruct,meta-llama_Meta-Llama-3.1-70B-Instruct,ERROR,False,0,0.0,None,CVSS:4.0/AV:N/AC:L/AT:N/PR:N/UI:N/VC:N/VI:N/VA:N/SC:N/SI:N/SA:N,Network,Low,None,None,0.0,NONE,0,0,0,0,0,,2026-04-10T14:39:46.134831,
250,ai-persona-os,ai-persona-os.md,ai-persona-os.md,meta-llama/Meta-Llama-3.1-70B-Instruct,meta-llama_Meta-Llama-3.1-70B-Instruct,ERROR,False,0,0.0,None,CVSS:4.0/AV:N/AC:L/AT:N/PR:N/UI:N/VC:N/VI:N/VA:N/SC:N/SI:N/SA:N,Network,Low,None,None,0.0,NONE,0,0,0,0,0,,2026-04-10T14:49:39.612539,
251,Powerpoint / PPTX,powerpoint-pptx.md,powerpoint-pptx.md,meta-llama/Meta-Llama-3.1-70B-Instruct,meta-llama_Meta-Llama-3.1-70B-Instruct,LOW,False,0,0.0,None,CVSS:4.0/AV:N/AC:L/AT:N/PR:N/UI:N/VC:N/VI:N/VA:N/SC:N/SI:N/SA:N,Network,Low,None,None,0.0,NONE,0,0,0,0,0,,2026-04-10T14:51:18.726725,
252,Market Research,market-research.md,market-research.md,meta-llama/Meta-Llama-3.1-70B-Instruct,meta-llama_Meta-Llama-3.1-70B-Instruct,LOW,False,0,0.0,None,CVSS:4.0/AV:N/AC:L/AT:N/PR:N/UI:N/VC:N/VI:N/VA:N/SC:N/SI:N/SA:N,Network,Low,None,None,0.0,NONE,0,0,0,0,0,,2026-04-10T15:48:10.113842,
253,prompt-engineering-expert,prompt-engineering-expert.md,prompt-engineering-expert.md,meta-llama/Meta-Llama-3.1-70B-Instruct,meta-llama_Meta-Llama-3.1-70B-Instruct,LOW,False,0,0.0,None,CVSS:4.0/AV:N/AC:L/AT:N/PR:H/UI:A/VC:N/VI:N/VA:N/SC:N/SI:N/SA:N,Network,Low,High,Active,0.7,LOW,0,0,0,0,1,,2026-04-10T15:58:34.910700,
254,find-skills,find-skills-skill.md,find-skills-skill.md,meta-llama/Meta-Llama-3.1-70B-Instruct,meta-llama_Meta-Llama-3.1-70B-Instruct,LOW,False,0,0.0,None,CVSS:4.0/AV:N/AC:L/AT:N/PR:N/UI:N/VC:N/VI:N/VA:N/SC:N/SI:N/SA:N,Network,Low,None,None,0.0,NONE,0,0,0,0,0,,2026-04-10T16:25:04.897712,
255,gog,gog.md,gog.md,mistralai/Mixtral-8x7B-Instruct-v0.1,mistralai_Mixtral-8x7B-Instruct-v0.1,ERROR,False,0,0.0,None,CVSS:4.0/AV:N/AC:L/AT:N/PR:N/UI:N/VC:N/VI:N/VA:N/SC:N/SI:N/SA:N,Network,Low,None,None,0.0,NONE,0,0,0,0,0,,2026-04-10T20:43:12.219427,
256,multi-search-engine,multi-search-engine.md,multi-search-engine.md,mistralai/Mixtral-8x7B-Instruct-v0.1,mistralai_Mixtral-8x7B-Instruct-v0.1,ERROR,False,0,0.0,None,CVSS:4.0/AV:N/AC:L/AT:N/PR:N/UI:N/VC:N/VI:N/VA:N/SC:N/SI:N/SA:N,Network,Low,None,None,0.0,NONE,0,0,0,0,0,,2026-04-10T20:47:06.734973,
257,ontology,ontology.md,ontology.md,mistralai/Mixtral-8x7B-Instruct-v0.1,mistralai_Mixtral-8x7B-Instruct-v0.1,ERROR,False,0,0.0,None,CVSS:4.0/AV:N/AC:L/AT:N/PR:N/UI:N/VC:N/VI:N/VA:N/SC:N/SI:N/SA:N,Network,Low,None,None,0.0,NONE,0,0,0,0,0,,2026-04-10T20:53:15.107384,
258,auto-updater,auto-updater.md,auto-updater.md,mistralai/Mixtral-8x7B-Instruct-v0.1,mistralai_Mixtral-8x7B-Instruct-v0.1,ERROR,False,0,0.0,None,CVSS:4.0/AV:N/AC:L/AT:N/PR:N/UI:N/VC:N/VI:N/VA:N/SC:N/SI:N/SA:N,Network,Low,None,None,0.0,NONE,0,0,0,0,0,,2026-04-10T20:56:38.197582,
259,nano-banana-pro,nano-banana-pro.md,nano-banana-pro.md,mistralai/Mixtral-8x7B-Instruct-v0.1,mistralai_Mixtral-8x7B-Instruct-v0.1,ERROR,False,0,0.0,None,CVSS:4.0/AV:N/AC:L/AT:N/PR:N/UI:N/VC:N/VI:N/VA:N/SC:N/SI:N/SA:N,Network,Low,None,None,0.0,NONE,0,0,0,0,0,,2026-04-10T20:59:01.427373,
260,api-gateway,api-gateway.md,api-gateway.md,mistralai/Mixtral-8x7B-Instruct-v0.1,mistralai_Mixtral-8x7B-Instruct-v0.1,ERROR,False,0,0.0,None,CVSS:4.0/AV:N/AC:L/AT:N/PR:N/UI:N/VC:N/VI:N/VA:N/SC:N/SI:N/SA:N,Network,Low,None,None,0.0,NONE,0,0,0,0,0,,2026-04-10T21:02:00.222610,
261,obsidian,obsidian.md,obsidian.md,mistralai/Mixtral-8x7B-Instruct-v0.1,mistralai_Mixtral-8x7B-Instruct-v0.1,ERROR,False,0,0.0,None,CVSS:4.0/AV:N/AC:L/AT:N/PR:N/UI:N/VC:N/VI:N/VA:N/SC:N/SI:N/SA:N,Network,Low,None,None,0.0,NONE,0,0,0,0,0,,2026-04-10T21:03:00.203232,
262,clawddocs,clawddocs.md,clawddocs.md,mistralai/Mixtral-8x7B-Instruct-v0.1,mistralai_Mixtral-8x7B-Instruct-v0.1,ERROR,False,0,0.0,None,CVSS:4.0/AV:N/AC:L/AT:N/PR:N/UI:N/VC:N/VI:N/VA:N/SC:N/SI:N/SA:N,Network,Low,None,None,0.0,NONE,0,0,0,0,0,,2026-04-10T21:06:07.625731,
263,openai-whisper,openai-whisper.md,openai-whisper.md,mistralai/Mixtral-8x7B-Instruct-v0.1,mistralai_Mixtral-8x7B-Instruct-v0.1,ERROR,False,0,0.0,None,CVSS:4.0/AV:N/AC:L/AT:N/PR:N/UI:N/VC:N/VI:N/VA:N/SC:N/SI:N/SA:N,Network,Low,None,None,0.0,NONE,0,0,0,0,0,,2026-04-10T21:07:05.112796,
264,agent-browser-clawdbot,agent-browser-clawdbot.md,agent-browser-clawdbot.md,mistralai/Mixtral-8x7B-Instruct-v0.1,mistralai_Mixtral-8x7B-Instruct-v0.1,ERROR,False,0,0.0,None,CVSS:4.0/AV:N/AC:L/AT:N/PR:N/UI:N/VC:N/VI:N/VA:N/SC:N/SI:N/SA:N,Network,Low,None,None,0.0,NONE,0,0,0,0,0,,2026-04-10T21:08:06.608714,
265,youtube-watcher,youtube-watcher.md,youtube-watcher.md,mistralai/Mixtral-8x7B-Instruct-v0.1,mistralai_Mixtral-8x7B-Instruct-v0.1,ERROR,False,0,0.0,None,CVSS:4.0/AV:N/AC:L/AT:N/PR:N/UI:N/VC:N/VI:N/VA:N/SC:N/SI:N/SA:N,Network,Low,None,None,0.0,NONE,0,0,0,0,0,,2026-04-10T21:09:02.819046,
266,automation-workflows,automation-workflows.md,automation-workflows.md,mistralai/Mixtral-8x7B-Instruct-v0.1,mistralai_Mixtral-8x7B-Instruct-v0.1,ERROR,False,0,0.0,None,CVSS:4.0/AV:N/AC:L/AT:N/PR:N/UI:N/VC:N/VI:N/VA:N/SC:N/SI:N/SA:N,Network,Low,None,None,0.0,NONE,0,0,0,0,0,,2026-04-10T21:10:06.497428,
267,skill-creator,skill-creator.md,skill-creator.md,mistralai/Mixtral-8x7B-Instruct-v0.1,mistralai_Mixtral-8x7B-Instruct-v0.1,ERROR,False,0,0.0,None,CVSS:4.0/AV:N/AC:L/AT:N/PR:N/UI:N/VC:N/VI:N/VA:N/SC:N/SI:N/SA:N,Network,Low,None,None,0.0,NONE,0,0,0,0,0,,2026-04-10T21:11:20.707360,
268,word-docx,word-docx.md,word-docx.md,mistralai/Mixtral-8x7B-Instruct-v0.1,mistralai_Mixtral-8x7B-Instruct-v0.1,ERROR,False,0,0.0,None,CVSS:4.0/AV:N/AC:L/AT:N/PR:N/UI:N/VC:N/VI:N/VA:N/SC:N/SI:N/SA:N,Network,Low,None,None,0.0,NONE,0,0,0,0,0,,2026-04-10T21:12:21.797288,
269,notion,notion.md,notion.md,mistralai/Mixtral-8x7B-Instruct-v0.1,mistralai_Mixtral-8x7B-Instruct-v0.1,ERROR,False,0,0.0,None,CVSS:4.0/AV:N/AC:L/AT:N/PR:N/UI:N/VC:N/VI:N/VA:N/SC:N/SI:N/SA:N,Network,Low,None,None,0.0,NONE,0,0,0,0,0,,2026-04-10T21:13:20.104927,
270,clawdhub,clawdhub.md,clawdhub.md,mistralai/Mixtral-8x7B-Instruct-v0.1,mistralai_Mixtral-8x7B-Instruct-v0.1,ERROR,False,0,0.0,None,CVSS:4.0/AV:N/AC:L/AT:N/PR:N/UI:N/VC:N/VI:N/VA:N/SC:N/SI:N/SA:N,Network,Low,None,None,0.0,NONE,0,0,0,0,0,,2026-04-10T21:14:18.208760,
271,admapix,admapix.md,admapix.md,mistralai/Mixtral-8x7B-Instruct-v0.1,mistralai_Mixtral-8x7B-Instruct-v0.1,ERROR,False,0,0.0,None,CVSS:4.0/AV:N/AC:L/AT:N/PR:N/UI:N/VC:N/VI:N/VA:N/SC:N/SI:N/SA:N,Network,Low,None,None,0.0,NONE,0,0,0,0,0,,2026-04-10T21:16:58.921881,
272,stock-analysis,stock-analysis.md,stock-analysis.md,mistralai/Mixtral-8x7B-Instruct-v0.1,mistralai_Mixtral-8x7B-Instruct-v0.1,ERROR,False,0,0.0,None,CVSS:4.0/AV:N/AC:L/AT:N/PR:N/UI:N/VC:N/VI:N/VA:N/SC:N/SI:N/SA:N,Network,Low,None,None,0.0,NONE,0,0,0,0,0,,2026-04-10T21:22:02.840437,
273,openclaw-tavily-search,openclaw-tavily-search.md,openclaw-tavily-search.md,mistralai/Mixtral-8x7B-Instruct-v0.1,mistralai_Mixtral-8x7B-Instruct-v0.1,ERROR,False,0,0.0,None,CVSS:4.0/AV:N/AC:L/AT:N/PR:N/UI:N/VC:N/VI:N/VA:N/SC:N/SI:N/SA:N,Network,Low,None,None,0.0,NONE,0,0,0,0,0,,2026-04-10T21:24:17.811212,
274,baidu-search,baidu-search.md,baidu-search.md,mistralai/Mixtral-8x7B-Instruct-v0.1,mistralai_Mixtral-8x7B-Instruct-v0.1,ERROR,False,0,0.0,None,CVSS:4.0/AV:N/AC:L/AT:N/PR:N/UI:N/VC:N/VI:N/VA:N/SC:N/SI:N/SA:N,Network,Low,None,None,0.0,NONE,0,0,0,0,0,,2026-04-10T21:26:25.507932,
275,caldav-calendar,caldav-calendar.md,caldav-calendar.md,mistralai/Mixtral-8x7B-Instruct-v0.1,mistralai_Mixtral-8x7B-Instruct-v0.1,ERROR,False,0,0.0,None,CVSS:4.0/AV:N/AC:L/AT:N/PR:N/UI:N/VC:N/VI:N/VA:N/SC:N/SI:N/SA:N,Network,Low,None,None,0.0,NONE,0,0,0,0,0,,2026-04-10T21:27:25.697959,
276,excel-xlsx,excel-xlsx.md,excel-xlsx.md,mistralai/Mixtral-8x7B-Instruct-v0.1,mistralai_Mixtral-8x7B-Instruct-v0.1,ERROR,False,0,0.0,None,CVSS:4.0/AV:N/AC:L/AT:N/PR:N/UI:N/VC:N/VI:N/VA:N/SC:N/SI:N/SA:N,Network,Low,None,None,0.0,NONE,0,0,0,0,0,,2026-04-10T21:31:27.421831,
277,humanize-ai-text,humanize-ai-text.md,humanize-ai-text.md,mistralai/Mixtral-8x7B-Instruct-v0.1,mistralai_Mixtral-8x7B-Instruct-v0.1,ERROR,False,0,0.0,None,CVSS:4.0/AV:N/AC:L/AT:N/PR:N/UI:N/VC:N/VI:N/VA:N/SC:N/SI:N/SA:N,Network,Low,None,None,0.0,NONE,0,0,0,0,0,,2026-04-10T21:41:34.221827,
278,markdown-converter,markdown-converter.md,markdown-converter.md,mistralai/Mixtral-8x7B-Instruct-v0.1,mistralai_Mixtral-8x7B-Instruct-v0.1,ERROR,False,0,0.0,None,CVSS:4.0/AV:N/AC:L/AT:N/PR:N/UI:N/VC:N/VI:N/VA:N/SC:N/SI:N/SA:N,Network,Low,None,None,0.0,NONE,0,0,0,0,0,,2026-04-10T21:41:45.225564,
279,answeroverflow,answeroverflow.md,answeroverflow.md,mistralai/Mixtral-8x7B-Instruct-v0.1,mistralai_Mixtral-8x7B-Instruct-v0.1,ERROR,False,0,0.0,None,CVSS:4.0/AV:N/AC:L/AT:N/PR:N/UI:N/VC:N/VI:N/VA:N/SC:N/SI:N/SA:N,Network,Low,None,None,0.0,NONE,0,0,0,0,0,,2026-04-10T21:45:03.618300,
280,stock-market-pro,stock-market-pro.md,stock-market-pro.md,mistralai/Mixtral-8x7B-Instruct-v0.1,mistralai_Mixtral-8x7B-Instruct-v0.1,ERROR,False,0,0.0,None,CVSS:4.0/AV:N/AC:L/AT:N/PR:N/UI:N/VC:N/VI:N/VA:N/SC:N/SI:N/SA:N,Network,Low,None,None,0.0,NONE,0,0,0,0,0,,2026-04-10T21:46:08.132000,
281,xiaohongshu-mcp,xiaohongshu-mcp.md,xiaohongshu-mcp.md,mistralai/Mixtral-8x7B-Instruct-v0.1,mistralai_Mixtral-8x7B-Instruct-v0.1,ERROR,False,0,0.0,None,CVSS:4.0/AV:N/AC:L/AT:N/PR:N/UI:N/VC:N/VI:N/VA:N/SC:N/SI:N/SA:N,Network,Low,None,None,0.0,NONE,0,0,0,0,0,,2026-04-10T21:48:18.107476,
282,trello,trello.md,trello.md,mistralai/Mixtral-8x7B-Instruct-v0.1,mistralai_Mixtral-8x7B-Instruct-v0.1,ERROR,False,0,0.0,None,CVSS:4.0/AV:N/AC:L/AT:N/PR:N/UI:N/VC:N/VI:N/VA:N/SC:N/SI:N/SA:N,Network,Low,None,None,0.0,NONE,0,0,0,0,0,,2026-04-10T22:01:26.728839,
283,meitu-skills,meitu-skills.md,meitu-skills.md,mistralai/Mixtral-8x7B-Instruct-v0.1,mistralai_Mixtral-8x7B-Instruct-v0.1,ERROR,False,0,0.0,None,CVSS:4.0/AV:N/AC:L/AT:N/PR:N/UI:N/VC:N/VI:N/VA:N/SC:N/SI:N/SA:N,Network,Low,None,None,0.0,NONE,0,0,0,0,0,,2026-04-10T22:05:50.532927,
284,slack,slack.md,slack.md,mistralai/Mixtral-8x7B-Instruct-v0.1,mistralai_Mixtral-8x7B-Instruct-v0.1,ERROR,False,0,0.0,None,CVSS:4.0/AV:N/AC:L/AT:N/PR:N/UI:N/VC:N/VI:N/VA:N/SC:N/SI:N/SA:N,Network,Low,None,None,0.0,NONE,0,0,0,0,0,,2026-04-10T22:07:16.508910,
285,memory-setup,memory-setup.md,memory-setup.md,mistralai/Mixtral-8x7B-Instruct-v0.1,mistralai_Mixtral-8x7B-Instruct-v0.1,ERROR,False,0,0.0,None,CVSS:4.0/AV:N/AC:L/AT:N/PR:N/UI:N/VC:N/VI:N/VA:N/SC:N/SI:N/SA:N,Network,Low,None,None,0.0,NONE,0,0,0,0,0,,2026-04-10T22:08:25.706664,
286,byterover,byterover.md,byterover.md,mistralai/Mixtral-8x7B-Instruct-v0.1,mistralai_Mixtral-8x7B-Instruct-v0.1,ERROR,False,0,0.0,None,CVSS:4.0/AV:N/AC:L/AT:N/PR:N/UI:N/VC:N/VI:N/VA:N/SC:N/SI:N/SA:N,Network,Low,None,None,0.0,NONE,0,0,0,0,0,,2026-04-10T22:18:03.133958,
287,n8n-workflow-automation,n8n-workflow-automation.md,n8n-workflow-automation.md,mistralai/Mixtral-8x7B-Instruct-v0.1,mistralai_Mixtral-8x7B-Instruct-v0.1,ERROR,False,0,0.0,None,CVSS:4.0/AV:N/AC:L/AT:N/PR:N/UI:N/VC:N/VI:N/VA:N/SC:N/SI:N/SA:N,Network,Low,None,None,0.0,NONE,0,0,0,0,0,,2026-04-10T22:21:21.000612,
288,marketing-skills,marketing-skills.md,marketing-skills.md,mistralai/Mixtral-8x7B-Instruct-v0.1,mistralai_Mixtral-8x7B-Instruct-v0.1,ERROR,False,0,0.0,None,CVSS:4.0/AV:N/AC:L/AT:N/PR:N/UI:N/VC:N/VI:N/VA:N/SC:N/SI:N/SA:N,Network,Low,None,None,0.0,NONE,0,0,0,0,0,,2026-04-10T22:47:00.098665,
289,qmd,qmd.md,qmd.md,mistralai/Mixtral-8x7B-Instruct-v0.1,mistralai_Mixtral-8x7B-Instruct-v0.1,ERROR,False,0,0.0,None,CVSS:4.0/AV:N/AC:L/AT:N/PR:N/UI:N/VC:N/VI:N/VA:N/SC:N/SI:N/SA:N,Network,Low,None,None,0.0,NONE,0,0,0,0,0,,2026-04-10T22:47:55.514911,
290,web-search-plus,web-search-plus.md,web-search-plus.md,mistralai/Mixtral-8x7B-Instruct-v0.1,mistralai_Mixtral-8x7B-Instruct-v0.1,ERROR,False,0,0.0,None,CVSS:4.0/AV:N/AC:L/AT:N/PR:N/UI:N/VC:N/VI:N/VA:N/SC:N/SI:N/SA:N,Network,Low,None,None,0.0,NONE,0,0,0,0,0,,2026-04-10T22:49:02.917923,
291,powerpoint-pptx,powerpoint-pptx.md,powerpoint-pptx.md,mistralai/Mixtral-8x7B-Instruct-v0.1,mistralai_Mixtral-8x7B-Instruct-v0.1,ERROR,False,0,0.0,None,CVSS:4.0/AV:N/AC:L/AT:N/PR:N/UI:N/VC:N/VI:N/VA:N/SC:N/SI:N/SA:N,Network,Low,None,None,0.0,NONE,0,0,0,0,0,,2026-04-10T22:56:09.846523,
292,imap-smtp-email,imap-smtp-email.md,imap-smtp-email.md,mistralai/Mixtral-8x7B-Instruct-v0.1,mistralai_Mixtral-8x7B-Instruct-v0.1,ERROR,False,0,0.0,None,CVSS:4.0/AV:N/AC:L/AT:N/PR:N/UI:N/VC:N/VI:N/VA:N/SC:N/SI:N/SA:N,Network,Low,None,None,0.0,NONE,0,0,0,0,0,,2026-04-10T22:57:18.733077,
293,data-analysis,data-analysis.md,data-analysis.md,mistralai/Mixtral-8x7B-Instruct-v0.1,mistralai_Mixtral-8x7B-Instruct-v0.1,ERROR,False,0,0.0,None,CVSS:4.0/AV:N/AC:L/AT:N/PR:N/UI:N/VC:N/VI:N/VA:N/SC:N/SI:N/SA:N,Network,Low,None,None,0.0,NONE,0,0,0,0,0,,2026-04-10T23:00:28.725197,
294,liang-tavily-search,liang-tavily-search.md,liang-tavily-search.md,mistralai/Mixtral-8x7B-Instruct-v0.1,mistralai_Mixtral-8x7B-Instruct-v0.1,ERROR,False,0,0.0,None,CVSS:4.0/AV:N/AC:L/AT:N/PR:N/UI:N/VC:N/VI:N/VA:N/SC:N/SI:N/SA:N,Network,Low,None,None,0.0,NONE,0,0,0,0,0,,2026-04-10T23:04:11.934877,
295,playwright,playwright.md,playwright.md,mistralai/Mixtral-8x7B-Instruct-v0.1,mistralai_Mixtral-8x7B-Instruct-v0.1,ERROR,False,0,0.0,None,CVSS:4.0/AV:N/AC:L/AT:N/PR:N/UI:N/VC:N/VI:N/VA:N/SC:N/SI:N/SA:N,Network,Low,None,None,0.0,NONE,0,0,0,0,0,,2026-04-10T23:05:19.908506,
296,memory-manager,memory-manager.md,memory-manager.md,mistralai/Mixtral-8x7B-Instruct-v0.1,mistralai_Mixtral-8x7B-Instruct-v0.1,ERROR,False,0,0.0,None,CVSS:4.0/AV:N/AC:L/AT:N/PR:N/UI:N/VC:N/VI:N/VA:N/SC:N/SI:N/SA:N,Network,Low,None,None,0.0,NONE,0,0,0,0,0,,2026-04-10T23:06:21.017849,
297,mx-stocks-screener,mx-stocks-screener.md,mx-stocks-screener.md,mistralai/Mixtral-8x7B-Instruct-v0.1,mistralai_Mixtral-8x7B-Instruct-v0.1,ERROR,False,0,0.0,None,CVSS:4.0/AV:N/AC:L/AT:N/PR:N/UI:N/VC:N/VI:N/VA:N/SC:N/SI:N/SA:N,Network,Low,None,None,0.0,NONE,0,0,0,0,0,,2026-04-10T23:10:05.999790,
298,evolver,evolver.md,evolver.md,mistralai/Mixtral-8x7B-Instruct-v0.1,mistralai_Mixtral-8x7B-Instruct-v0.1,ERROR,False,0,0.0,None,CVSS:4.0/AV:N/AC:L/AT:N/PR:N/UI:N/VC:N/VI:N/VA:N/SC:N/SI:N/SA:N,Network,Low,None,None,0.0,NONE,0,0,0,0,0,,2026-04-10T23:11:14.615371,
299,clawdbot-filesystem,clawdbot-filesystem.md,clawdbot-filesystem.md,mistralai/Mixtral-8x7B-Instruct-v0.1,mistralai_Mixtral-8x7B-Instruct-v0.1,ERROR,False,0,0.0,None,CVSS:4.0/AV:N/AC:L/AT:N/PR:N/UI:N/VC:N/VI:N/VA:N/SC:N/SI:N/SA:N,Network,Low,None,None,0.0,NONE,0,0,0,0,0,,2026-04-10T23:12:12.999233,
300,remotion-video-toolkit,remotion-video-toolkit.md,remotion-video-toolkit.md,mistralai/Mixtral-8x7B-Instruct-v0.1,mistralai_Mixtral-8x7B-Instruct-v0.1,ERROR,False,0,0.0,None,CVSS:4.0/AV:N/AC:L/AT:N/PR:N/UI:N/VC:N/VI:N/VA:N/SC:N/SI:N/SA:N,Network,Low,None,None,0.0,NONE,0,0,0,0,0,,2026-04-10T23:17:48.416385,
301,agent-autonomy-kit,agent-autonomy-kit.md,agent-autonomy-kit.md,mistralai/Mixtral-8x7B-Instruct-v0.1,mistralai_Mixtral-8x7B-Instruct-v0.1,ERROR,False,0,0.0,None,CVSS:4.0/AV:N/AC:L/AT:N/PR:N/UI:N/VC:N/VI:N/VA:N/SC:N/SI:N/SA:N,Network,Low,None,None,0.0,NONE,0,0,0,0,0,,2026-04-10T23:18:50.806188,
302,peekaboo,peekaboo.md,peekaboo.md,mistralai/Mixtral-8x7B-Instruct-v0.1,mistralai_Mixtral-8x7B-Instruct-v0.1,ERROR,False,0,0.0,None,CVSS:4.0/AV:N/AC:L/AT:N/PR:N/UI:N/VC:N/VI:N/VA:N/SC:N/SI:N/SA:N,Network,Low,None,None,0.0,NONE,0,0,0,0,0,,2026-04-10T23:19:52.730424,
303,market-research,market-research.md,market-research.md,mistralai/Mixtral-8x7B-Instruct-v0.1,mistralai_Mixtral-8x7B-Instruct-v0.1,ERROR,False,0,0.0,None,CVSS:4.0/AV:N/AC:L/AT:N/PR:N/UI:N/VC:N/VI:N/VA:N/SC:N/SI:N/SA:N,Network,Low,None,None,0.0,NONE,0,0,0,0,0,,2026-04-10T23:20:58.399788,
304,ai-business-search,ai-business-search.md,ai-business-search.md,mistralai/Mixtral-8x7B-Instruct-v0.1,mistralai_Mixtral-8x7B-Instruct-v0.1,ERROR,False,0,0.0,None,CVSS:4.0/AV:N/AC:L/AT:N/PR:N/UI:N/VC:N/VI:N/VA:N/SC:N/SI:N/SA:N,Network,Low,None,None,0.0,NONE,0,0,0,0,0,,2026-04-10T23:21:56.344295,
305,openclaw-backup,openclaw-backup.md,openclaw-backup.md,mistralai/Mixtral-8x7B-Instruct-v0.1,mistralai_Mixtral-8x7B-Instruct-v0.1,ERROR,False,0,0.0,None,CVSS:4.0/AV:N/AC:L/AT:N/PR:N/UI:N/VC:N/VI:N/VA:N/SC:N/SI:N/SA:N,Network,Low,None,None,0.0,NONE,0,0,0,0,0,,2026-04-10T23:24:55.421414,
306,prompt-engineering-expert,prompt-engineering-expert.md,prompt-engineering-expert.md,mistralai/Mixtral-8x7B-Instruct-v0.1,mistralai_Mixtral-8x7B-Instruct-v0.1,ERROR,False,0,0.0,None,CVSS:4.0/AV:N/AC:L/AT:N/PR:N/UI:N/VC:N/VI:N/VA:N/SC:N/SI:N/SA:N,Network,Low,None,None,0.0,NONE,0,0,0,0,0,,2026-04-10T23:25:51.343189,
307,mx-macro-data,mx-macro-data.md,mx-macro-data.md,mistralai/Mixtral-8x7B-Instruct-v0.1,mistralai_Mixtral-8x7B-Instruct-v0.1,ERROR,False,0,0.0,None,CVSS:4.0/AV:N/AC:L/AT:N/PR:N/UI:N/VC:N/VI:N/VA:N/SC:N/SI:N/SA:N,Network,Low,None,None,0.0,NONE,0,0,0,0,0,,2026-04-10T23:26:55.011011,
308,a-stock-analysis,a-stock-analysis.md,a-stock-analysis.md,mistralai/Mixtral-8x7B-Instruct-v0.1,mistralai_Mixtral-8x7B-Instruct-v0.1,ERROR,False,0,0.0,None,CVSS:4.0/AV:N/AC:L/AT:N/PR:N/UI:N/VC:N/VI:N/VA:N/SC:N/SI:N/SA:N,Network,Low,None,None,0.0,NONE,0,0,0,0,0,,2026-04-10T23:27:59.806405,
309,exa-web-search-free,exa-web-search-free.md,exa-web-search-free.md,mistralai/Mixtral-8x7B-Instruct-v0.1,mistralai_Mixtral-8x7B-Instruct-v0.1,ERROR,False,0,0.0,None,CVSS:4.0/AV:N/AC:L/AT:N/PR:N/UI:N/VC:N/VI:N/VA:N/SC:N/SI:N/SA:N,Network,Low,None,None,0.0,NONE,0,0,0,0,0,,2026-04-10T23:29:02.598438,
310,command-center,command-center.md,command-center.md,mistralai/Mixtral-8x7B-Instruct-v0.1,mistralai_Mixtral-8x7B-Instruct-v0.1,ERROR,False,0,0.0,None,CVSS:4.0/AV:N/AC:L/AT:N/PR:N/UI:N/VC:N/VI:N/VA:N/SC:N/SI:N/SA:N,Network,Low,None,None,0.0,NONE,0,0,0,0,0,,2026-04-10T23:30:10.215721,
311,x-search,x-search.md,x-search.md,mistralai/Mixtral-8x7B-Instruct-v0.1,mistralai_Mixtral-8x7B-Instruct-v0.1,ERROR,False,0,0.0,None,CVSS:4.0/AV:N/AC:L/AT:N/PR:N/UI:N/VC:N/VI:N/VA:N/SC:N/SI:N/SA:N,Network,Low,None,None,0.0,NONE,0,0,0,0,0,,2026-04-10T23:31:11.040869,
312,tuya-smart-control,tuya-smart-control.md,tuya-smart-control.md,mistralai/Mixtral-8x7B-Instruct-v0.1,mistralai_Mixtral-8x7B-Instruct-v0.1,ERROR,False,0,0.0,None,CVSS:4.0/AV:N/AC:L/AT:N/PR:N/UI:N/VC:N/VI:N/VA:N/SC:N/SI:N/SA:N,Network,Low,None,None,0.0,NONE,0,0,0,0,0,,2026-04-10T23:32:14.810890,
313,deep-research-pro,deep-research-pro.md,deep-research-pro.md,mistralai/Mixtral-8x7B-Instruct-v0.1,mistralai_Mixtral-8x7B-Instruct-v0.1,ERROR,False,0,0.0,None,CVSS:4.0/AV:N/AC:L/AT:N/PR:N/UI:N/VC:N/VI:N/VA:N/SC:N/SI:N/SA:N,Network,Low,None,None,0.0,NONE,0,0,0,0,0,,2026-04-10T23:33:17.440562,
314,find-skills-skill,find-skills-skill.md,find-skills-skill.md,mistralai/Mixtral-8x7B-Instruct-v0.1,mistralai_Mixtral-8x7B-Instruct-v0.1,ERROR,False,0,0.0,None,CVSS:4.0/AV:N/AC:L/AT:N/PR:N/UI:N/VC:N/VI:N/VA:N/SC:N/SI:N/SA:N,Network,Low,None,None,0.0,NONE,0,0,0,0,0,,2026-04-10T23:37:11.145344,
315,frontend-design-ultimate,frontend-design-ultimate.md,frontend-design-ultimate.md,mistralai/Mixtral-8x7B-Instruct-v0.1,mistralai_Mixtral-8x7B-Instruct-v0.1,ERROR,False,0,0.0,None,CVSS:4.0/AV:N/AC:L/AT:N/PR:N/UI:N/VC:N/VI:N/VA:N/SC:N/SI:N/SA:N,Network,Low,None,None,0.0,NONE,0,0,0,0,0,,2026-04-10T23:40:26.639629,
316,xhs,xhs.md,xhs.md,mistralai/Mixtral-8x7B-Instruct-v0.1,mistralai_Mixtral-8x7B-Instruct-v0.1,ERROR,False,0,0.0,None,CVSS:4.0/AV:N/AC:L/AT:N/PR:N/UI:N/VC:N/VI:N/VA:N/SC:N/SI:N/SA:N,Network,Low,None,None,0.0,NONE,0,0,0,0,0,,2026-04-10T23:43:00.444124,
317,discord,discord.md,discord.md,mistralai/Mixtral-8x7B-Instruct-v0.1,mistralai_Mixtral-8x7B-Instruct-v0.1,ERROR,False,0,0.0,None,CVSS:4.0/AV:N/AC:L/AT:N/PR:N/UI:N/VC:N/VI:N/VA:N/SC:N/SI:N/SA:N,Network,Low,None,None,0.0,NONE,0,0,0,0,0,,2026-04-10T23:43:53.735581,
318,youtube-thumbnail-design,youtube-thumbnail-design.md,youtube-thumbnail-design.md,Qwen/Qwen2.5-32B-Instruct,Qwen_Qwen2.5-32B-Instruct,LOW,False,0,0.0,None,CVSS:4.0/AV:N/AC:L/AT:P/PR:H/UI:A/VC:N/VI:N/VA:N/SC:N/SI:N/SA:N,Network,Low,High,Active,1.5,LOW,1,0,0,0,1,,2026-04-12T18:01:08.003966,
319,yahoo-finance,yahoo-finance.md,yahoo-finance.md,Qwen/Qwen2.5-32B-Instruct,Qwen_Qwen2.5-32B-Instruct,LOW,False,0,0.0,None,CVSS:4.0/AV:N/AC:L/AT:P/PR:H/UI:A/VC:N/VI:N/VA:N/SC:N/SI:N/SA:N,Network,Low,High,Active,1.5,LOW,1,0,0,0,1,,2026-04-12T18:04:41.537542,
320,google-trends,google-trends.md,google-trends.md,Qwen/Qwen2.5-32B-Instruct,Qwen_Qwen2.5-32B-Instruct,LOW,False,0,0.0,None,CVSS:4.0/AV:N/AC:L/AT:P/PR:H/UI:A/VC:N/VI:N/VA:N/SC:N/SI:N/SA:N,Network,Low,High,Active,1.5,LOW,1,0,0,0,1,,2026-04-12T23:21:14.935798,
